40.000000,60.000000,0,0
40.040001,60.000000,-0.001827,-0.006780
40.080002,60.000000,-0.004449,0.002559
40.120003,60.000000,-0.005833,0.009680
40.160004,60.000000,-0.004079,-0.000939
40.200005,60.000000,-0.006482,-0.003444
40.240005,60.000000,-0.011213,-0.001702
40.280006,60.000000,-0.006335,0.003399
40.320007,60.000000,-0.006197,0.009203
40.360008,60.000000,-0.013771,0.005510
40.400009,60.000000,-0.013458,0.017544
40.440010,60.000000,-0.013460,0.015891
40.480011,60.000000,-0.016334,0.011891
40.520012,60.000000,-0.016132,0.024104
40.560013,60.000000,-0.012679,0.021839
40.600014,60.000000,-0.018526,0.020188
40.640015,60.000000,-0.022925,0.033906
40.680016,60.000000,-0.028931,0.024173
40.720016,60.000000,-0.028109,0.036137
40.760017,60.000000,-0.030267,0.033481
40.800018,60.000000,-0.031321,0.032473
40.840019,60.000000,-0.030583,0.040560
40.880020,60.000000,-0.031585,0.045534
40.920021,60.000000,-0.039815,0.037247
40.960022,60.000000,-0.036089,0.041232
41.000023,60.000000,-0.038124,0.045858
41.040024,60.000000,-0.042479,0.046423
41.080025,60.000000,-0.046399,0.040875
41.120026,60.000000,-0.052897,0.050443
41.160027,60.000000,-0.051722,0.040250
41.200027,60.000000,-0.051058,0.042985
41.240028,60.000000,-0.055965,0.034591
41.280029,60.000000,-0.061845,0.035398
41.320030,60.000000,-0.060981,0.030908
41.360031,60.000000,-0.058176,0.047175
41.400032,60.000000,-0.067391,0.046273
41.440033,60.000000,-0.074291,0.047007
41.480034,60.000000,-0.071254,0.059132
41.520035,60.000000,-0.069618,0.067274
41.560036,60.000000,-0.078185,0.055448
41.600037,60.000000,-0.078480,0.055688
41.640038,60.000000,-0.080203,0.057176
41.680038,60.000000,-0.087171,0.065234
41.720039,60.000000,-0.082543,0.067405
41.760040,60.000000,-0.088434,0.072689
41.800041,60.000000,-0.089233,0.063764
41.840042,60.000000,-0.088543,0.060820
41.880043,60.000000,-0.093342,0.065283
41.920044,60.000000,-0.097754,0.075406
41.960045,60.000000,-0.100328,0.067502
42.000046,60.000000,-0.103778,0.067050
42.040047,60.000000,-0.111469,0.075545
42.080048,60.000000,-0.107729,0.080069
42.120049,60.000000,-0.108748,0.088628
42.160049,60.000000,-0.115100,0.078116
42.200050,60.000000,-0.117776,0.091630
42.240051,60.000000,-0.120953,0.089731
42.280052,60.000000,-0.118258,0.091032
42.320053,60.000000,-0.128335,0.089439
42.360054,60.000000,-0.133102,0.096125
42.400055,60.000000,-0.131056,0.098867
42.440056,60.000000,-0.131572,0.104035
42.480057,60.000000,-0.138426,0.108621
42.520058,60.000000,-0.136295,0.105111
42.560059,60.000000,-0.139841,0.104196
42.600060,60.000000,-0.142934,0.104377
42.640060,60.000000,-0.145704,0.108400
42.680061,60.000000,-0.147589,0.111596
42.720062,60.000000,-0.152019,0.106521
42.760063,60.000000,-0.153626,0.118700
42.800064,60.000000,-0.153529,0.113589
42.840065,60.000000,-0.158368,0.105177
42.880066,60.000000,-0.163381,0.118570
42.920067,60.000000,-0.167763,0.123148
42.960068,60.000000,-0.172078,0.119305
43.000069,60.000000,-0.174630,0.132864
43.040070,60.000000,-0.172983,0.133221
43.080070,60.000000,-0.176800,0.124130
43.120071,60.000000,-0.182223,0.134450
43.160072,60.000000,-0.192095,0.129060
43.200073,60.000000,-0.192532,0.121772
43.240074,60.000000,-0.196066,0.143115
43.280075,60.000000,-0.192957,0.131569
43.320076,60.000000,-0.196654,0.140668
43.360077,60.000000,-0.194651,0.134248
43.400078,60.000000,-0.200580,0.140081
43.440079,60.000000,-0.205429,0.145009
43.480080,60.000000,-0.207868,0.146006
43.520081,60.000000,-0.213199,0.143890
43.560081,60.000000,-0.219103,0.151734
43.600082,60.000000,-0.224193,0.157435
43.640083,60.000000,-0.224299,0.164844
43.680084,60.000000,-0.230685,0.161841
43.720085,60.000000,-0.234630,0.178731
43.760086,60.000000,-0.240162,0.178940
43.800087,60.000000,-0.244700,0.180846
43.840088,60.000000,-0.245558,0.173986
43.880089,60.000000,-0.251489,0.173389
43.920090,60.000000,-0.247657,0.182519
43.960091,60.000000,-0.249722,0.169373
44.000092,60.000000,-0.251326,0.167848
44.040092,60.000000,-0.252101,0.177525
44.080093,60.000000,-0.258572,0.182504
44.120094,60.000000,-0.257685,0.177486
44.160095,60.000000,-0.262093,0.177003
44.200096,60.000000,-0.273811,0.199257
44.240097,60.000000,-0.273249,0.194729
44.280098,60.000000,-0.275642,0.189469
44.320099,60.000000,-0.276441,0.195012
44.360100,60.000000,-0.278856,0.195809
44.400101,60.000000,-0.288042,0.187863
44.440102,60.000000,-0.293837,0.201831
44.480103,60.000000,-0.293845,0.200698
44.520103,60.000000,-0.301484,0.204506
44.560104,60.000000,-0.299171,0.216087
44.600105,60.000000,-0.301413,0.210127
44.640106,60.000000,-0.303860,0.231627
44.680107,60.000000,-0.310674,0.232903
44.720108,60.000000,-0.313388,0.225289
44.760109,60.000000,-0.317040,0.220534
44.800110,60.000000,-0.324751,0.235655
44.840111,60.000000,-0.326797,0.226019
44.880112,60.000000,-0.328350,0.231279
44.920113,60.000000,-0.337620,0.243944
44.960114,60.000000,-0.340734,0.226985
45.000114,60.000000,-0.342329,0.232715
45.040115,60.000000,-0.340230,0.246570
45.080116,60.000000,-0.345202,0.249865
45.120117,60.000000,-0.352329,0.248835
45.160118,60.000000,-0.351157,0.250545
45.200119,60.000000,-0.364459,0.246069
45.240120,60.000000,-0.364931,0.243032
45.280121,60.000000,-0.363684,0.256972
45.320122,60.000000,-0.370840,0.249553
45.360123,60.000000,-0.376248,0.257011
45.400124,60.000000,-0.373594,0.270982
45.440125,60.000000,-0.379849,0.260494
45.480125,60.000000,-0.379047,0.263531
45.520126,60.000000,-0.383906,0.265331
45.560127,60.000000,-0.390636,0.263304
45.600128,60.000000,-0.390002,0.279160
45.640129,60.000000,-0.396633,0.277040
45.680130,60.000000,-0.398881,0.291800
45.720131,60.000000,-0.406554,0.288211
45.760132,60.000000,-0.415098,0.293805
45.800133,60.000000,-0.409218,0.309868
45.840134,60.000000,-0.409503,0.319213
45.880135,60.000000,-0.417741,0.300458
45.920135,60.000000,-0.421815,0.314416
45.960136,60.000000,-0.424474,0.304205
46.000137,60.000000,-0.430098,0.307991
46.040138,60.000000,-0.433309,0.319442
46.080139,60.000000,-0.432759,0.303690
46.120140,60.000000,-0.433624,0.314663
46.160141,60.000000,-0.437725,0.312012
46.200142,60.000000,-0.452421,0.324134
46.240143,60.000000,-0.449197,0.317703
46.280144,60.000000,-0.462466,0.327222
46.320145,60.000000,-0.460585,0.328047
46.360146,60.000000,-0.459794,0.330147
46.400146,60.000000,-0.475210,0.337516
46.440147,60.000000,-0.473307,0.325927
46.480148,60.000000,-0.483929,0.320176
46.520149,60.000000,-0.483438,0.341876
46.560150,60.000000,0.015343,0.459937
46.600151,60.000000,-0.311423,0.457131
46.640152,60.000000,-0.376351,0.428964
46.680153,60.000000,-0.449219,0.439383
46.720154,60.000000,-0.696488,0.420970
46.760155,60.000000,-0.865677,0.408573
46.800156,60.000000,-1.403639,0.450255
46.840157,60.000000,-1.514625,0.433939
46.880157,60.000000,-1.500235,0.461531
46.920158,60.000000,-1.541276,0.448251
46.960159,60.000000,-1.584584,0.447412
47.000160,60.000000,-1.541106,0.449102
47.040161,60.000000,-1.655508,0.445065
47.080162,60.000000,-1.659257,0.468360
47.120163,60.000000,-1.792096,0.473986
47.160164,60.000000,-1.945497,0.498516
47.200165,60.000000,-1.905371,0.464178
47.240166,60.000000,-1.954283,0.460151
47.280167,60.000000,-1.912164,0.477198
47.320168,60.000000,-1.985413,0.480748
47.360168,60.000000,-2.030814,0.480331
47.400169,60.000000,-2.030810,0.492754
47.440170,60.000000,-2.214326,0.480451
47.480171,60.000000,-2.292852,0.544862
47.520172,60.000000,-2.254215,0.478887
47.560173,60.000000,-2.315526,0.505895
47.600174,60.000000,-2.440396,0.491329
47.640175,60.000000,-2.415405,0.588980
47.680176,60.000000,-2.515106,0.488719
47.720177,60.000000,-2.487045,0.495059
47.760178,60.000000,-2.498931,0.534259
47.800179,60.000000,-2.688953,0.496438
47.840179,60.000000,-2.629785,0.470338
47.880180,60.000000,-2.545217,0.670667
47.920181,60.000000,-2.716651,0.518758
47.960182,60.000000,-2.728849,0.622105
48.000183,60.000000,-2.786156,0.608191
48.040184,60.000000,-2.852497,0.508855
48.080185,60.000000,-2.901075,0.535029
48.120186,60.000000,-2.935781,0.551783
48.160187,60.000000,-2.919165,0.548868
48.200188,60.000000,-2.940176,0.630411
48.240189,60.000000,-2.983742,0.519025
48.280190,60.000000,-2.997484,0.570407
48.320190,60.000000,-3.000346,0.618489
48.360191,60.000000,-3.040645,0.653874
48.400192,60.000000,-3.045343,0.691729
48.440193,60.000000,-3.091758,0.660127
48.480194,60.000000,-3.152370,0.711271
48.520195,60.000000,-3.166601,0.655689
48.560196,60.000000,-3.269408,0.659346
48.600197,60.000000,-3.244149,0.670607
48.640198,60.000000,-3.273092,0.720987
48.680199,60.000000,-3.367235,0.677900
48.720200,60.000000,-3.441082,0.674894
48.760201,60.000000,-3.598133,0.596289
48.800201,60.000000,-3.511926,0.698531
48.840202,60.000000,-3.492200,0.770101
48.880203,60.000000,-3.667457,0.712195
48.920204,60.000000,-3.667196,0.721157
48.960205,60.000000,-3.684813,0.706593
49.000206,60.000000,-3.687935,0.680367
49.040207,60.000000,-3.766623,0.730900
49.080208,60.000000,-3.700050,0.785542
49.120209,60.000000,-3.738912,0.683702
49.160210,60.000000,-3.763002,0.708789
49.200211,60.000000,-3.812631,0.689145
49.240211,60.000000,-3.887636,0.679333
49.280212,60.000000,-4.005002,0.705797
49.320213,60.000000,-4.036690,0.709581
49.360214,60.000000,-4.036226,0.755603
49.400215,60.000000,-4.102985,0.696986
49.440216,60.000000,-4.119641,0.721087
49.480217,60.000000,-4.229763,0.696245
49.520218,60.000000,-4.291658,0.745802
49.560219,60.000000,-4.305418,0.748725
49.600220,60.000000,-4.294447,0.738684
49.640221,60.000000,-4.427349,0.758207
49.680222,60.000000,-4.533431,0.754916
49.720222,60.000000,-4.469529,0.824462
49.760223,60.000000,-4.569774,0.772387
49.800224,60.000000,-4.472371,0.848088
49.840225,60.000000,-4.559750,0.847431
49.880226,60.000000,-4.588220,0.834595
49.920227,60.000000,-4.540843,0.804666
49.960228,60.000000,-4.617873,0.744159
50.000229,60.000000,-4.766874,0.717588
50.040230,60.000000,-4.729041,0.827221
50.080231,60.000000,-4.758984,0.865722
50.120232,60.000000,-4.799966,0.807119
50.160233,60.000000,-4.863528,0.828075
50.200233,60.000000,-4.876831,0.842974
50.240234,60.000000,-4.827623,0.929968
50.280235,60.000000,-4.808321,0.915154
50.320236,60.000000,-4.858635,0.920801
50.360237,60.000000,-4.887897,0.938497
50.400238,60.000000,-4.959345,0.994931
50.440239,60.000000,-4.997433,0.919097
50.480240,60.000000,-5.024325,0.915535
50.520241,60.000000,-5.064221,0.973857
50.560242,60.000000,-5.058471,0.948219
50.600243,60.000000,-5.097392,0.958634
50.640244,60.000000,-5.145986,0.924281
50.680244,60.000000,-5.120378,0.954742
50.720245,60.000000,-5.139024,0.923942
50.760246,60.000000,-5.193730,0.931020
50.800247,60.000000,-5.246726,0.950807
50.840248,60.000000,-5.275150,0.946228
50.880249,60.000000,-5.318982,0.917566
50.920250,60.000000,-5.293748,0.954494
50.960251,60.000000,-5.338301,0.969392
51.000252,60.000000,-5.307851,1.018471
51.040253,60.000000,-5.361403,1.053300
51.080254,60.000000,-5.461687,1.024957
51.120255,60.000000,-5.424976,0.980432
51.160255,60.000000,-5.604286,0.909278
51.200256,60.000000,-5.566771,1.010466
51.240257,60.000000,-5.615056,0.982288
51.280258,60.000000,-5.655637,1.070143
51.320259,60.000000,-5.585699,1.013755
51.360260,60.000000,-5.653133,1.007910
51.400261,60.000000,-5.619462,1.041834
51.440262,60.000000,-5.690092,1.043008
51.480263,60.000000,-5.762525,1.019821
51.520264,60.000000,-5.792938,1.056668
51.560265,60.000000,-5.784756,1.055940
51.600266,60.000000,-5.837150,1.118714
51.640266,60.000000,-5.849268,1.088270
51.680267,60.000000,-5.899358,1.093419
51.720268,60.000000,-5.869021,1.126607
51.760269,60.000000,-5.920139,1.069196
51.800270,60.000000,-6.001418,1.128608
51.840271,60.000000,-6.037862,1.095161
51.880272,60.000000,-6.050997,1.114648
51.920273,60.000000,-6.034725,1.141909
51.960274,60.000000,-6.092722,1.130867
52.000275,60.000000,-6.084038,1.081446
52.040276,60.000000,-6.079339,1.162782
52.080276,60.000000,-6.144639,1.165841
52.120277,60.000000,-6.201275,1.183102
52.160278,60.000000,-6.253112,1.181357
52.200279,60.000000,-6.349235,1.199243
52.240280,60.000000,-6.342642,1.178952
52.280281,60.000000,-6.375941,1.186105
52.320282,60.000000,-6.400516,1.188695
52.360283,60.000000,-6.458774,1.184031
52.400284,60.000000,-6.512831,1.170184
52.440285,60.000000,-6.545235,1.235312
52.480286,60.000000,-6.507016,1.269055
52.520287,60.000000,-6.547519,1.239012
52.560287,60.000000,-6.516240,1.260392
52.600288,60.000000,-6.522942,1.342856
52.640289,60.000000,-6.572394,1.280383
52.680290,60.000000,-6.580096,1.384313
52.720291,60.000000,-6.632791,1.369083
52.760292,60.000000,-6.712002,1.329630
52.800293,60.000000,-6.694351,1.329714
52.840294,60.000000,-6.806357,1.283821
52.880295,60.000000,-6.664111,1.368191
52.920296,60.000000,-6.778568,1.376059
52.960297,60.000000,-6.802149,1.352740
53.000298,60.000000,-6.769655,1.443468
53.040298,60.000000,-6.838976,1.384432
53.080299,60.000000,-6.887361,1.406407
53.120300,60.000000,-6.979134,1.335845
53.160301,60.000000,-6.973198,1.342338
53.200302,60.000000,-6.922730,1.429687
53.240303,60.000000,-7.012314,1.453486
53.280304,60.000000,-6.974783,1.540206
53.320305,60.000000,-7.382428,1.546261
53.360306,60.000000,-7.411596,1.488799
53.400307,60.000000,-7.366989,1.588351
53.440308,60.000000,-7.377006,1.590812
53.480309,60.000000,-7.379922,1.612151
53.520309,60.000000,-7.350801,1.607571
53.560310,60.000000,-7.293952,1.678989
53.600311,60.000000,-7.536862,1.452693
53.640312,60.000000,-7.426972,1.581413
53.680313,60.000000,-7.478627,1.575788
53.720314,60.000000,-7.506997,1.612749
53.760315,60.000000,-7.537936,1.540853
53.800316,60.000000,-7.586696,1.544612
53.840317,60.000000,-7.586277,1.524782
53.880318,60.000000,-7.558150,1.613077
53.920319,60.000000,-7.598154,1.578147
53.960320,60.000000,-7.548281,1.727844
54.000320,60.000000,-7.707901,1.643409
54.040321,60.000000,-7.716051,1.653787
54.080322,60.000000,-7.822786,1.526565
54.120323,60.000000,-7.863071,1.616210
54.160324,60.000000,-7.840843,1.624393
54.200325,60.000000,-7.912886,1.588940
54.240326,60.000000,-7.874597,1.619940
54.280327,60.000000,-7.915627,1.548148
54.320328,60.000000,-7.937468,1.572138
54.360329,60.000000,-7.889750,1.620914
54.400330,60.000000,-7.965140,1.646046
54.440331,60.000000,-8.037129,1.626401
54.480331,60.000000,-8.099680,1.611556
54.520332,60.000000,-8.128028,1.662156
54.560333,60.000000,-8.127480,1.647143
54.600334,60.000000,-8.145068,1.632788
54.640335,60.000000,-8.171776,1.660395
54.680336,60.000000,-8.154741,1.769769
54.720337,60.000000,-8.152861,1.768808
54.760338,60.000000,-8.138997,1.730040
54.800339,60.000000,-8.236740,1.730255
54.840340,60.000000,-8.285930,1.718485
54.880341,60.000000,-8.414239,1.735539
54.920341,60.000000,-8.346026,1.816949
54.960342,60.000000,-8.367387,1.828198
55.000343,60.000000,-8.367146,1.796997
55.040344,60.000000,-8.375897,1.834213
55.080345,60.000000,-8.385647,1.854492
55.120346,60.000000,-8.392655,1.876359
55.160347,60.000000,-8.384550,1.902226
55.200348,60.000000,-8.402645,1.837150
55.240349,60.000000,-8.518102,1.868085
55.280350,60.000000,-8.569866,1.833236
55.320351,60.000000,-8.627359,1.833160
55.360352,60.000000,-8.691339,1.770893
55.400352,60.000000,-8.787700,1.793373
55.440353,60.000000,-8.803756,1.845190
55.480354,60.000000,-8.761106,1.884666
55.520355,60.000000,-8.876895,1.858012
55.560356,60.000000,-8.880143,1.830634
55.600357,60.000000,-8.810723,1.883682
55.640358,60.000000,-8.944717,1.846313
55.680359,60.000000,-8.981725,1.862142
55.720360,60.000000,-8.917783,1.930993
55.760361,60.000000,-9.006129,1.907545
55.800362,60.000000,-9.070109,1.838273
55.840363,60.000000,-9.174230,1.832096
55.880363,60.000000,-9.087245,1.955695
55.920364,60.000000,-8.990261,1.953962
55.960365,60.000000,-9.049824,1.957390
56.000366,60.000000,-9.120237,1.988263
56.040367,60.000000,-9.214543,1.967592
56.080368,60.000000,-9.179480,2.010939
56.120369,60.000000,-9.277046,1.982331
56.160370,60.000000,-9.187435,2.048439
56.200371,60.000000,-9.229573,1.957759
56.240372,60.000000,-9.276264,1.985570
56.280373,60.000000,-9.315425,2.001324
56.320374,60.000000,-9.337405,2.037766
56.360374,60.000000,-9.408841,1.993828
56.400375,60.000000,-9.456926,1.949864
56.440376,60.000000,-9.461725,1.912522
56.480377,60.000000,-9.476431,2.016522
56.520378,60.000000,-9.540840,2.020481
56.560379,60.000000,-9.575617,1.968052
56.600380,60.000000,-9.619556,2.037300
56.640381,60.000000,-9.641983,2.035682
56.680382,60.000000,-9.724707,1.972045
56.720383,60.000000,-9.710708,2.041610
56.760384,60.000000,-9.808796,1.955316
56.800385,60.000000,-9.789365,1.955837
56.840385,60.000000,-9.801288,2.004219
56.880386,60.000000,-9.781917,1.990711
56.920387,60.000000,-9.880179,1.963381
56.960388,60.000000,-9.931140,2.007626
57.000389,60.000000,-9.938408,2.106286
57.040390,60.000000,-9.973771,2.062957
57.080391,60.000000,-10.056040,2.049962
57.120392,60.000000,-10.019849,2.063170
57.160393,60.000000,-10.033846,2.074365
57.200394,60.000000,-10.116783,2.073325
57.240395,60.000000,-10.133684,2.064271
57.280396,60.000000,-10.112268,2.106951
57.320396,60.000000,-10.150689,2.093504
57.360397,60.000000,-10.216720,2.127412
57.400398,60.000000,-10.240940,2.064874
57.440399,60.000000,-10.289817,2.058093
57.480400,60.000000,-10.357140,2.057799
57.520401,60.000000,-10.418947,2.098248
57.560402,60.000000,-10.459772,2.085757
57.600403,60.000000,-10.539923,2.055429
57.640404,60.000000,-10.526420,2.121762
57.680405,60.000000,-10.567409,2.051799
57.720406,60.000000,-10.678351,2.127364
57.760406,60.000000,-10.592660,2.155710
57.800407,60.000000,-10.608933,2.166267
57.840408,60.000000,-10.691993,2.086480
57.880409,60.000000,-10.840734,2.063847
57.920410,60.000000,-10.857763,2.117240
57.960411,60.000000,-10.895955,2.059644
58.000412,60.000000,-10.867586,2.110747
58.040413,60.000000,-10.898326,2.097057
58.080414,60.000000,-10.891511,2.130692
58.120415,60.000000,-10.941180,2.096227
58.160416,60.000000,-10.970671,2.108987
58.200417,60.000000,-11.089962,2.102943
58.240417,60.000000,-10.989337,2.200344
58.280418,60.000000,-11.122904,2.154356
58.320419,60.000000,-11.189825,2.106324
58.360420,60.000000,-11.174070,2.143625
58.400421,60.000000,-11.217288,2.126798
58.440422,60.000000,-11.210392,2.173009
58.480423,60.000000,-11.147116,2.248224
58.520424,60.000000,-11.406954,2.113677
58.560425,60.000000,-11.294070,2.172390
58.600426,60.000000,-11.337532,2.139021
58.640427,60.000000,-11.362310,2.161610
58.680428,60.000000,-11.378283,2.137427
58.720428,60.000000,-11.352427,2.239327
58.760429,60.000000,-11.325315,2.285590
58.800430,60.000000,-11.436155,2.271572
58.840431,60.000000,-11.609818,2.187597
58.880432,60.000000,-11.579526,2.203936
58.920433,60.000000,-11.587876,2.220654
58.960434,60.000000,-11.665660,2.179259
59.000435,60.000000,-11.716777,2.171091
59.040436,60.000000,-11.664458,2.258159
59.080437,60.000000,-11.638972,2.277928
59.120438,60.000000,-11.748923,2.276837
59.160439,60.000000,-11.846010,2.206197
59.200439,60.000000,-11.948993,2.191718
59.240440,60.000000,-12.031950,2.163403
59.280441,60.000000,-12.029749,2.163080
59.320442,60.000000,-12.024097,2.227379
59.360443,60.000000,-12.059111,2.253953
59.400444,60.000000,-12.024725,2.258624
59.440445,60.000000,-12.122599,2.210445
59.480446,60.000000,-12.033073,2.294799
59.520447,60.000000,-12.186439,2.201177
59.560448,60.000000,-12.180087,2.219554
59.600449,60.000000,-12.238413,2.210755
59.640450,60.000000,-12.294878,2.212669
59.680450,60.000000,-12.291898,2.207683
59.720451,60.000000,-12.290868,2.299693
59.760452,60.000000,-12.338746,2.280422
59.800453,60.000000,-12.395446,2.257194
59.840454,60.000000,-12.253578,2.383417
59.880455,60.000000,-12.317993,2.326809
59.920456,60.000000,-12.461263,2.259550
59.960457,60.000000,-12.446537,2.331659
60.000458,60.000000,-12.412025,2.341380
60.040459,60.000000,-12.534528,2.299903
60.080460,60.000000,-12.496875,2.344256
60.120461,60.000000,-12.671819,2.303852
60.160461,60.000000,-12.635080,2.264122
60.200462,60.000000,-12.502798,2.385402
60.240463,60.000000,-12.543473,2.399933
60.280464,60.000000,-12.626147,2.274387
60.320465,60.000000,-12.582169,2.430263
60.360466,60.000000,-12.745708,2.376713
60.400467,60.000000,-12.796737,2.347940
60.440468,60.000000,-12.826471,2.404433
60.480469,60.000000,-13.008462,2.297488
60.520470,60.000000,-13.005531,2.276823
60.560471,60.000000,-13.068931,2.290380
60.600471,60.000000,-13.131808,2.222381
60.640472,60.000000,-13.129212,2.264252
60.680473,60.000000,-13.217539,2.304088
60.720474,60.000000,-13.241281,2.216835
60.760475,60.000000,-13.312140,2.319440
60.800476,60.000000,-13.260368,2.299574
60.840477,60.000000,-13.274883,2.385277
60.880478,60.000000,-13.350417,2.305536
60.920479,60.000000,-13.357467,2.337135
60.960480,60.000000,-13.500911,2.326339
61.000481,60.000000,-13.505356,2.367670
61.040482,60.000000,-13.494718,2.370059
61.080482,60.000000,-13.486067,2.338799
61.120483,60.000000,-13.452796,2.382429
61.160484,60.000000,-13.599988,2.384390
61.200485,60.000000,-13.608913,2.417955
61.240486,60.000000,-13.691852,2.418967
61.280487,60.000000,-13.644511,2.429238
61.320488,60.000000,-13.828921,2.301276
61.360489,60.000000,-13.784235,2.389272
61.400490,60.000000,-13.859831,2.307956
61.440491,60.000000,-13.849763,2.442945
61.480492,60.000000,-13.925335,2.411386
61.520493,60.000000,-13.973503,2.331349
61.560493,60.000000,-13.978969,2.346447
61.600494,60.000000,-14.036238,2.341191
61.640495,60.000000,-14.034639,2.339994
61.680496,60.000000,-14.055035,2.342630
61.720497,60.000000,-14.136341,2.354516
61.760498,60.000000,-14.219699,2.316477
61.800499,60.000000,-14.238174,2.354407
61.840500,60.000000,-14.337525,2.282417
61.880501,60.000000,-14.396090,2.304064
61.920502,60.000000,-14.526779,2.361515
61.960503,60.000000,-14.414060,2.379227
62.000504,60.000000,-14.364793,2.439568
62.040504,60.000000,-14.526534,2.399888
62.080505,60.000000,-14.478068,2.417837
62.120506,60.000000,-14.447203,2.448200
62.160507,60.000000,-14.489316,2.537655
62.200508,60.000000,-14.508444,2.436442
62.240509,60.000000,-14.590583,2.433661
62.280510,60.000000,-14.597003,2.421866
62.320511,60.000000,-14.754841,2.366705
62.360512,60.000000,-14.698206,2.387446
62.400513,60.000000,-14.722994,2.453449
62.440514,60.000000,-14.828247,2.387388
62.480515,60.000000,-14.827446,2.393294
62.520515,60.000000,-14.940954,2.398968
62.560516,60.000000,-14.999302,2.307534
62.600517,60.000000,-15.028208,2.400006
62.640518,60.000000,-15.054235,2.374349
62.680519,60.000000,-15.071387,2.450428
62.720520,60.000000,-15.142475,2.409374
62.760521,60.000000,-15.194702,2.402634
62.800522,60.000000,-15.309675,2.389398
62.840523,60.000000,-15.349031,2.353489
62.880524,60.000000,-15.388129,2.414291
62.920525,60.000000,-15.530934,2.355361
62.960526,60.000000,-15.427805,2.411053
63.000526,60.000000,-15.565191,2.399092
63.040527,60.000000,-15.475354,2.445505
63.080528,60.000000,-15.526440,2.489705
63.120529,60.000000,-15.408713,2.539372
63.160530,60.000000,-15.577337,2.433204
63.200531,60.000000,-15.590674,2.478123
63.240532,60.000000,-15.745133,2.454806
63.280533,60.000000,-15.813002,2.440491
63.320534,60.000000,-15.896325,2.421678
63.360535,60.000000,-15.834500,2.469171
63.400536,60.000000,-15.993479,2.423874
63.440536,60.000000,-16.005387,2.415433
63.480537,60.000000,-16.137118,2.340235
63.520538,60.000000,-16.231306,2.354009
63.560539,60.000000,-16.183951,2.401461
63.600540,60.000000,-16.450876,2.266632
63.640541,60.000000,-16.431302,2.351608
63.680542,60.000000,-16.458826,2.404727
63.720543,60.000000,-16.440017,2.378187
63.760544,60.000000,-16.502519,2.431457
63.800545,60.000000,-16.612436,2.422313
63.840546,60.000000,-16.499075,2.497914
63.880547,60.000000,-16.702824,2.374377
63.920547,60.000000,-16.760247,2.339651
63.960548,60.000000,-16.844896,2.277367
64.000549,60.000000,-16.775048,2.390246
64.040550,60.000000,-16.845226,2.344605
64.080551,60.000000,-16.808237,2.355285
64.120552,60.000000,-16.923866,2.363944
64.160553,60.000000,-17.005223,2.364555
64.200554,60.000000,-17.010781,2.349338
64.240555,60.000000,-17.020928,2.356813
64.280556,60.000000,-17.102401,2.421978
64.320557,60.000000,-17.131599,2.323159
64.360558,60.000000,-17.189804,2.407859
64.400558,60.000000,-17.182846,2.421983
64.440559,60.000000,-17.300040,2.381621
64.480560,60.000000,-17.343961,2.328429
64.520561,60.000000,-17.382344,2.390382
64.560562,60.000000,-17.341192,2.485815
64.600563,60.000000,-17.556900,2.275684
64.640564,60.000000,-17.569248,2.307647
64.680565,60.000000,-17.554574,2.325160
64.720566,60.000000,-17.543245,2.343645
64.760567,60.000000,-17.481599,2.370300
64.800568,60.000000,-17.531699,2.345326
64.840569,60.000000,-17.713236,2.322062
64.880569,60.000000,-17.753566,2.355501
64.920570,60.000000,-17.859286,2.307409
64.960571,60.000000,-17.916828,2.322167
65.000572,60.000000,-17.894956,2.391215
65.040573,60.000000,-17.912358,2.328545
65.080574,60.000000,-17.909569,2.312566
65.120575,60.000000,-17.961301,2.334844
65.160576,60.000000,-18.017364,2.375586
65.200577,60.000000,-18.117868,2.289778
65.240578,60.000000,-18.091603,2.299071
65.280579,60.000000,-18.167545,2.341618
65.320580,60.000000,-18.243746,2.264736
65.360580,60.000000,-18.245746,2.318027
65.400581,60.000000,-18.215468,2.394224
65.440582,60.000000,-18.289170,2.398805
65.480583,60.000000,-18.342749,2.335788
65.520584,60.000000,-18.332320,2.444451
65.560585,60.000000,-18.399579,2.412349
65.600586,60.000000,-18.510229,2.400009
65.640587,60.000000,-18.626454,2.361405
65.680588,60.000000,-18.639998,2.349306
65.720589,60.000000,-18.726918,2.272758
65.760590,60.000000,-18.787732,2.244220
65.800591,60.000000,-18.734408,2.323413
65.840591,60.000000,-18.773219,2.321613
65.880592,60.000000,-18.764451,2.349783
65.920593,60.000000,-18.960290,2.283189
65.960594,60.000000,-18.973992,2.348253
66.000595,60.000000,-18.952831,2.305751
66.040596,60.000000,-19.045365,2.317518
66.080597,60.000000,-19.069224,2.225588
66.120598,60.000000,-19.094958,2.289022
66.160599,60.000000,-19.176439,2.256083
66.200600,60.000000,-19.233207,2.267960
66.240601,60.000000,-19.233378,2.311917
66.280602,60.000000,-19.278508,2.356796
66.320602,60.000000,-19.313756,2.309991
66.360603,60.000000,-19.301366,2.368554
66.400604,60.000000,-19.470087,2.381852
66.440605,60.000000,-19.467249,2.338702
66.480606,60.000000,-19.444919,2.457172
66.520607,60.000000,-19.596706,2.314240
66.560608,60.000000,-19.583779,2.349876
66.600609,60.000000,-19.608023,2.368206
66.640610,60.000000,-19.632227,2.386426
66.680611,60.000000,-19.637105,2.332591
66.720612,60.000000,-19.648560,2.371412
66.760612,60.000000,-19.794556,2.291478
66.800613,60.000000,-19.811507,2.357347
66.840614,60.000000,-19.903786,2.322310
66.880615,60.000000,-19.892488,2.343834
66.920616,60.000000,-19.999897,2.314900
66.960617,60.000000,-20.050792,2.287829
67.000618,60.000000,-20.059641,2.316972
67.040619,60.000000,-20.117338,2.287394
67.080620,60.000000,-20.176895,2.306758
67.120621,60.000000,-20.175589,2.320494
67.160622,60.000000,-20.237258,2.354121
67.200623,60.000000,-20.244075,2.366382
67.240623,60.000000,-20.238257,2.416371
67.280624,60.000000,-20.326510,2.350624
67.320625,60.000000,-20.396739,2.333994
67.360626,60.000000,-20.395724,2.421051
67.400627,60.000000,-20.540719,2.260240
67.440628,60.000000,-20.542679,2.363215
67.480629,60.000000,-20.696520,2.240886
67.520630,60.000000,-20.687316,2.308057
67.560631,60.000000,-20.680890,2.362182
67.600632,60.000000,-20.757442,2.237995
67.640633,60.000000,-20.850128,2.290830
67.680634,60.000000,-20.827596,2.363942
67.720634,60.000000,-20.873040,2.356003
67.760635,60.000000,-20.958405,2.317536
67.800636,60.000000,-21.024562,2.237496
67.840637,60.000000,-20.980890,2.239138
67.880638,60.000000,-21.134773,2.198029
67.920639,60.000000,-21.134132,2.279251
67.960640,60.000000,-21.157607,2.219389
68.000641,60.000000,-21.083999,2.295045
68.040642,60.000000,-21.126785,2.364616
68.080643,60.000000,-21.211931,2.298187
68.120644,60.000000,-21.227826,2.296254
68.160645,60.000000,-21.227756,2.330042
68.200645,60.000000,-21.321615,2.308871
68.240646,60.000000,-21.429774,2.191613
68.280647,60.000000,-21.496661,2.198855
68.320648,60.000000,-21.480183,2.305618
68.360649,60.000000,-21.345677,2.425360
68.400650,60.000000,-21.578323,2.238133
68.440651,60.000000,-21.591574,2.216658
68.480652,60.000000,-21.710123,2.149973
68.520653,60.000000,-21.706484,2.208761
68.560654,60.000000,-21.778899,2.232099
68.600655,60.000000,-21.707581,2.255269
68.640656,60.000000,-21.875309,2.164793
68.680656,60.000000,-21.836009,2.260322
68.720657,60.000000,-22.010115,2.196149
68.760658,60.000000,-22.127611,2.161611
68.800659,60.000000,-22.159384,2.183537
68.840660,60.000000,-22.153586,2.185870
68.880661,60.000000,-22.313486,2.033407
68.920662,60.000000,-22.474134,2.068436
68.960663,60.000000,-22.473283,2.061603
69.000664,60.000000,-22.492748,2.083059
69.040665,60.000000,-22.549000,2.058235
69.080666,60.000000,-22.398519,2.124020
69.120667,60.000000,-22.568630,2.108211
69.160667,60.000000,-22.522455,2.137446
69.200668,60.000000,-22.716448,2.045715
69.240669,60.000000,-22.764633,2.116509
69.280670,60.000000,-22.722835,2.134659
69.320671,60.000000,-22.930885,2.043660
69.360672,60.000000,-22.885967,2.062522
69.400673,60.000000,-22.954725,2.097185
69.440674,60.000000,-22.968979,2.105864
69.480675,60.000000,-23.076371,2.092190
69.520676,60.000000,-23.199397,2.024741
69.560677,60.000000,-23.258786,2.063553
69.600677,60.000000,-23.412261,1.955995
69.640678,60.000000,-23.349594,1.998265
69.680679,60.000000,-23.502604,1.946289
69.720680,60.000000,-23.587833,1.932912
69.760681,60.000000,-23.664666,1.917531
69.800682,60.000000,-23.687525,1.848132
69.840683,60.000000,-23.674312,1.884274
69.880684,60.000000,-23.556231,2.051485
69.920685,60.000000,-23.611679,2.006855
69.960686,60.000000,-23.780350,1.911636
70.000687,60.000000,-23.818515,1.926853
70.040688,60.000000,-23.936737,1.915736
70.080688,60.000000,-23.948386,1.990230
70.120689,60.000000,-24.124523,1.815108
70.160690,60.000000,-24.166736,1.870725
70.200691,60.000000,-24.293271,1.802322
70.240692,60.000000,-24.387455,1.759006
70.280693,60.000000,-24.496843,1.768289
70.320694,60.000000,-24.586550,1.781375
70.360695,60.000000,-24.666803,1.772388
70.400696,60.000000,-24.678698,1.719631
70.440697,60.000000,-24.687840,1.738983
70.480698,60.000000,-24.804913,1.716538
70.520699,60.000000,-24.593815,1.821275
70.560699,60.000000,-25.022509,1.559886
70.600700,60.000000,-24.975171,1.661533
70.640701,60.000000,-24.967307,1.747400
70.680702,60.000000,-25.158724,1.581063
70.720703,60.000000,-25.303957,1.572592
70.760704,60.000000,-25.275072,1.651684
70.800705,60.000000,-25.312331,1.585386
70.840706,60.000000,-25.479385,1.532750
70.880707,60.000000,-25.496011,1.502446
70.920708,60.000000,-25.485822,1.602344
70.960709,60.000000,-25.557072,1.538564
71.000710,60.000000,-25.653966,1.581907
71.040710,60.000000,-25.669484,1.615079
71.080711,60.000000,-25.815383,1.505450
71.120712,60.000000,-25.873756,1.439029
71.160713,60.000000,-25.796675,1.564745
71.200714,60.000000,-25.926197,1.516622
71.240715,60.000000,-25.976320,1.463134
71.280716,60.000000,-26.106035,1.378833
71.320717,60.000000,-26.218558,1.364183
71.360718,60.000000,-26.213275,1.314568
71.400719,60.000000,-26.437236,1.288283
71.440720,60.000000,-26.244746,1.475114
71.480721,60.000000,-26.343963,1.447899
71.520721,60.000000,-26.339473,1.475588
71.560722,60.000000,-26.571904,1.286809
71.600723,60.000000,-26.610520,1.321473
71.640724,60.000000,-26.690982,1.276667
71.680725,60.000000,-26.649984,1.439356
71.720726,60.000000,-26.864195,1.255061
71.760727,60.000000,-26.920615,1.271624
71.800728,60.000000,-27.015539,1.218991
71.840729,60.000000,-27.144706,1.159944
71.880730,60.000000,-27.240042,1.174129
71.920731,60.000000,-27.270361,1.144933
71.960732,60.000000,-27.166665,1.318162
72.000732,60.000000,-27.242509,1.256606
72.040733,60.000000,-27.275598,1.208736
72.080734,60.000000,-27.287382,1.268617
72.120735,60.000000,-27.461822,1.185123
72.160736,60.000000,-27.505778,1.121208
72.200737,60.000000,-27.517563,1.178085
72.240738,60.000000,-27.534629,1.241175
72.280739,60.000000,-27.577568,1.226947
72.320740,60.000000,-27.574566,1.246156
72.360741,60.000000,-27.650497,1.206431
72.400742,60.000000,-27.774597,1.118700
72.440742,60.000000,-27.867245,1.106994
72.480743,60.000000,-27.972885,1.040870
72.520744,60.000000,-27.969547,1.058287
72.560745,60.000000,-28.085767,1.019260
72.600746,60.000000,-28.108281,1.096791
72.640747,60.000000,-28.104333,1.113644
72.680748,60.000000,-28.308817,1.016620
72.720749,60.000000,-28.184650,1.046421
72.760750,60.000000,-28.312421,1.063845
72.800751,60.000000,-28.464193,0.948958
72.840752,60.000000,-28.528937,0.968236
72.880753,60.000000,-28.509828,1.041281
72.920753,60.000000,-28.487043,0.983479
72.960754,60.000000,-28.650293,0.944054
73.000755,60.000000,-28.758620,0.960205
73.040756,60.000000,-28.860775,0.951782
73.080757,60.000000,-28.901318,0.903003
73.120758,60.000000,-28.839960,0.947942
73.160759,60.000000,-29.102404,0.786712
73.200760,60.000000,-29.138909,0.823301
73.240761,60.000000,-29.173394,0.747504
73.280762,60.000000,-29.286350,0.647164
73.320763,60.000000,-29.309254,0.718016
73.360764,60.000000,-29.589703,0.484356
73.400764,60.000000,-33.830118,0.112794
73.440765,60.000000,-33.887970,0.100240
73.480766,60.000000,-33.884906,0.113449
73.520767,60.000000,-34.021887,0.096530
73.560768,60.000000,-34.056203,0.105619
73.600769,60.000000,-34.038105,0.118195
73.640770,60.000000,-33.925396,0.132055
73.680771,60.000000,-34.051422,0.110671
73.720772,60.000000,-34.120204,0.105032
73.760773,60.000000,-34.211045,0.100588
73.800774,60.000000,-34.266663,0.118864
73.840775,60.000000,-34.344635,0.098914
73.880775,60.000000,-34.428163,0.103177
73.920776,60.000000,-34.510502,0.081609
73.960777,60.000000,-34.457776,0.102204
74.000778,60.000000,-34.529521,0.108499
74.040779,60.000000,-34.599911,0.095993
74.080780,60.000000,-34.665085,0.086881
74.120781,60.000000,-34.774969,0.081972
74.160782,60.000000,-34.690482,0.098941
74.200783,60.000000,-34.739415,0.093684
74.240784,60.000000,-34.882587,0.100343
74.280785,60.000000,-34.981177,0.089535
74.320786,60.000000,-34.937143,0.083456
74.360786,60.000000,-35.067874,0.074477
74.400787,60.000000,-35.190338,0.069988
74.440788,60.000000,-35.063536,0.069600
74.480789,60.000000,-35.217694,0.058909
74.520790,60.000000,-35.178089,0.081205
74.560791,60.000000,-35.232724,0.074665
74.600792,60.000000,-35.213900,0.068383
74.640793,60.000000,-35.226310,0.069076
74.680794,60.000000,-35.496241,0.063055
74.720795,60.000000,-35.410395,0.072389
74.760796,60.000000,-35.415381,0.070289
74.800797,60.000000,-35.446857,0.076207
74.840797,60.000000,-35.521429,0.059427
74.880798,60.000000,-35.670887,0.045560
74.920799,60.000000,-35.731038,0.047139
74.960800,60.000000,-35.761213,0.055957
75.000801,60.000000,-35.792171,0.056954
75.040802,60.000000,-35.758023,0.062560
75.080803,60.000000,-35.918869,0.044755
75.120804,60.000000,-35.877671,0.065633
75.160805,60.000000,-35.901537,0.069529
75.200806,60.000000,-36.024419,0.060484
75.240807,60.000000,-36.052089,0.067788
75.280807,60.000000,-36.071596,0.054436
75.320808,60.000000,-36.075404,0.062509
75.360809,60.000000,-36.162222,0.054069
75.400810,60.000000,-36.197894,0.047396
75.440811,60.000000,-36.268202,0.045201
75.480812,60.000000,-36.298221,0.051280
75.520813,60.000000,-36.363331,0.048761
75.560814,60.000000,-36.462785,0.044467
75.600815,60.000000,-36.427718,0.040492
75.640816,60.000000,-36.516784,0.047972
75.680817,60.000000,-36.611729,0.028919
75.720818,60.000000,-36.674675,0.024628
75.760818,60.000000,-36.668755,0.049809
75.800819,60.000000,-36.805989,0.018537
75.840820,60.000000,-36.930886,0.019914
75.880821,60.000000,-36.911362,0.028588
75.920822,60.000000,-36.891939,0.027653
75.960823,60.000000,-36.949761,0.029123
76.000824,60.000000,-37.036775,0.031358
76.040825,60.000000,-37.015821,0.031238
76.080826,60.000000,-37.057368,0.030950
76.120827,60.000000,-37.126389,0.036287
76.160828,60.000000,-37.084173,0.032366
76.200829,60.000000,-37.089648,0.039668
76.240829,60.000000,-37.205329,0.037689
76.280830,60.000000,-37.173416,0.053462
76.320831,60.000000,-37.355880,0.025522
76.360832,60.000000,-37.430363,0.035124
76.400833,60.000000,-37.449718,0.023559
76.440834,60.000000,-37.547607,0.014211
76.480835,60.000000,-37.667029,-0.005522
76.520836,60.000000,-37.701466,-0.010293
76.560837,60.000000,-37.652893,0.024955
76.600838,60.000000,-37.916221,-0.011957
76.640839,60.000000,-38.004116,-0.019636
76.680840,60.000000,-37.985640,-0.011457
76.720840,60.000000,-38.047381,-0.011709
76.760841,60.000000,-38.459536,-0.053330
76.800842,60.000000,-38.476239,-0.040811
76.840843,60.000000,-38.355739,-0.049514
76.880844,60.000000,-38.416342,-0.047573
76.920845,60.000000,-38.450792,-0.046462
76.960846,60.000000,-38.454878,-0.030459
77.000847,60.000000,-38.703103,-0.061127
77.040848,60.000000,-38.677691,-0.066492
77.080849,60.000000,-38.747844,-0.066426
77.120850,60.000000,-38.789522,-0.064281
77.160851,60.000000,-38.771174,-0.046906
77.200851,60.000000,-38.943297,-0.062097
77.240852,60.000000,-38.980894,-0.062039
77.280853,60.000000,-38.929859,-0.050247
77.320854,60.000000,-38.947186,-0.061814
77.360855,60.000000,-39.146241,-0.063959
77.400856,60.000000,-39.177185,-0.054881
77.440857,60.000000,-39.185031,-0.055639
77.480858,60.000000,-39.343297,-0.067332
77.520859,60.000000,-39.361145,-0.057682
77.560860,60.000000,-39.407288,-0.079911
77.600861,60.000000,-39.379024,-0.063942
77.640862,60.000000,-39.481251,-0.066933
77.680862,60.000000,-39.573528,-0.085300
77.720863,60.000000,-39.651142,-0.069609
77.760864,60.000000,-39.757463,-0.090688
77.800865,60.000000,-39.781963,-0.089063
77.840866,60.000000,-39.853633,-0.096922
77.880867,60.000000,-39.901536,-0.081641
77.920868,60.000000,-39.886043,-0.072725
77.960869,60.000000,-40.054221,-0.094750
78.000870,60.000000,-40.212915,-0.118943
78.040871,60.000000,-40.231516,-0.116822
78.080872,60.000000,-40.154069,-0.093653
78.120872,60.000000,-40.020222,-0.088574
78.160873,60.000000,-40.447105,-0.123303
78.200874,60.000000,-40.405633,-0.106620
78.240875,60.000000,-40.386901,-0.090709
78.280876,60.000000,-40.513338,-0.118367
78.320877,60.000000,-40.700306,-0.124316
78.360878,60.000000,-40.642203,-0.123904
78.400879,60.000000,-40.702015,-0.123387
78.440880,60.000000,-40.750269,-0.121073
78.480881,60.000000,-40.886473,-0.126115
78.520882,60.000000,-40.996672,-0.152898
78.560883,60.000000,-40.840567,-0.123444
78.600883,60.000000,-41.052380,-0.143435
78.640884,60.000000,-41.052172,-0.133601
78.680885,60.000000,-41.071876,-0.123181
78.720886,60.000000,-41.268259,-0.145698
78.760887,60.000000,-41.297420,-0.134547
78.800888,60.000000,-41.419318,-0.154706
78.840889,60.000000,-41.394846,-0.134790
78.880890,60.000000,-41.453388,-0.137275
78.920891,60.000000,-41.506222,-0.139323
78.960892,60.000000,-41.528940,-0.160605
79.000893,60.000000,-41.639251,-0.156219
79.040894,60.000000,-41.671449,-0.144227
79.080894,60.000000,-41.885388,-0.171108
79.120895,60.000000,-41.791451,-0.164915
79.160896,60.000000,-41.835682,-0.167967
79.200897,60.000000,-41.953303,-0.184273
79.240898,60.000000,-42.046635,-0.182938
79.280899,60.000000,-42.110208,-0.177408
79.320900,60.000000,-42.213900,-0.179611
79.360901,60.000000,-42.235536,-0.196032
79.400902,60.000000,-42.242592,-0.185791
79.440903,60.000000,-42.300070,-0.191301
79.480904,60.000000,-42.336796,-0.200517
79.520905,60.000000,-42.410762,-0.201205
79.560905,60.000000,-42.465481,-0.197445
79.600906,60.000000,-42.553922,-0.200267
79.640907,60.000000,-42.545407,-0.180701
79.680908,60.000000,-42.577629,-0.188240
79.720909,60.000000,-42.800610,-0.225097
79.760910,60.000000,-42.828855,-0.222781
79.800911,60.000000,-42.920645,-0.230280
79.840912,60.000000,-42.888649,-0.225992
79.880913,60.000000,-43.063590,-0.221656
79.920914,60.000000,-43.128310,-0.234935
79.960915,60.000000,-43.228331,-0.239786
