60.000000,40.000000,0,0
60.000000,40.040001,-0.009438,-0.013163
60.000000,40.080002,0.007616,-0.008470
60.000000,40.120003,0.016406,-0.011574
60.000000,40.160004,0.022662,-0.007184
60.000000,40.200005,0.004435,-0.017497
60.000000,40.240005,-0.005578,-0.015004
60.000000,40.280006,0.002431,-0.010799
60.000000,40.320007,-0.015959,-0.004539
60.000000,40.360008,-0.007332,-0.004610
60.000000,40.400009,-0.010797,-0.012131
60.000000,40.440010,0.000400,0.010696
60.000000,40.480011,-0.006297,-0.006745
60.000000,40.520012,-0.024811,0.003410
60.000000,40.560013,-0.024049,0.001299
60.000000,40.600014,-0.026861,0.001979
60.000000,40.640015,-0.028235,-0.003452
60.000000,40.680016,-0.011222,-0.002997
60.000000,40.720016,-0.019440,0.003039
60.000000,40.760017,-0.045936,-0.002858
60.000000,40.800018,-0.026416,-0.002904
60.000000,40.840019,-0.023687,-0.012557
60.000000,40.880020,-0.017160,-0.009639
60.000000,40.920021,-0.041384,-0.010608
60.000000,40.960022,-0.021053,-0.003118
60.000000,41.000023,-0.023273,-0.000903
60.000000,41.040024,-0.032246,-0.000526
60.000000,41.080025,-0.033157,-0.010684
60.000000,41.120026,-0.029417,-0.006750
60.000000,41.160027,-0.031477,-0.007280
60.000000,41.200027,-0.032410,0.001893
60.000000,41.240028,-0.033979,-0.009657
60.000000,41.280029,-0.031730,-0.001956
60.000000,41.320030,-0.047364,-0.016432
60.000000,41.360031,-0.029061,-0.014933
60.000000,41.400032,-0.026433,-0.010283
60.000000,41.440033,-0.029662,-0.006394
60.000000,41.480034,-0.036896,-0.011717
60.000000,41.520035,-0.044225,-0.006073
60.000000,41.560036,-0.044556,-0.012106
60.000000,41.600037,-0.042681,-0.014555
60.000000,41.640038,-0.035232,-0.010073
60.000000,41.680038,-0.036872,-0.014534
60.000000,41.720039,-0.045851,-0.023929
60.000000,41.760040,-0.044988,-0.014098
60.000000,41.800041,-0.041234,-0.022624
60.000000,41.840042,-0.025633,-0.019462
60.000000,41.880043,-0.035248,-0.023961
60.000000,41.920044,-0.037380,-0.016727
60.000000,41.960045,-0.039728,-0.010163
60.000000,42.000046,-0.042167,-0.011083
60.000000,42.040047,-0.032609,-0.023324
60.000000,42.080048,-0.042167,-0.021073
60.000000,42.120049,-0.040450,-0.018642
60.000000,42.160049,-0.047629,-0.022111
60.000000,42.200050,-0.027689,-0.018887
60.000000,42.240051,-0.018167,-0.030019
60.000000,42.280052,-0.025602,-0.023622
60.000000,42.320053,-0.013846,-0.024383
60.000000,42.360054,-0.011553,-0.027638
60.000000,42.400055,-0.014079,-0.024170
60.000000,42.440056,-0.017064,-0.022826
60.000000,42.480057,-0.018001,-0.017190
60.000000,42.520058,0.002978,-0.025477
60.000000,42.560059,-0.004061,-0.029920
60.000000,42.600060,-0.001305,-0.027084
60.000000,42.640060,0.003397,-0.029735
60.000000,42.680061,-0.006798,-0.029374
60.000000,42.720062,-0.006640,-0.024814
60.000000,42.760063,-0.016348,-0.019586
60.000000,42.800064,-0.007949,-0.031303
60.000000,42.840065,-0.015622,-0.035056
60.000000,42.880066,-0.004856,-0.028555
60.000000,42.920067,0.008306,-0.032348
60.000000,42.960068,0.002237,-0.037129
60.000000,43.000069,0.002690,-0.039060
60.000000,43.040070,-0.004446,-0.047585
60.000000,43.080070,-0.013057,-0.043512
60.000000,43.120071,-0.006609,-0.042908
60.000000,43.160072,0.003313,-0.056690
60.000000,43.200073,-0.021150,-0.059600
60.000000,43.240074,-0.012607,-0.054670
60.000000,43.280075,-0.013336,-0.051454
60.000000,43.320076,-0.020641,-0.055580
60.000000,43.360077,-0.013666,-0.055296
60.000000,43.400078,-0.020395,-0.043090
60.000000,43.440079,-0.033172,-0.035647
60.000000,43.480080,-0.016570,-0.038744
60.000000,43.520081,-0.017395,-0.039298
60.000000,43.560081,-0.005942,-0.046595
60.000000,43.600082,-0.017083,-0.044715
60.000000,43.640083,-0.014563,-0.036623
60.000000,43.680084,-0.004263,-0.048117
60.000000,43.720085,0.001258,-0.042157
60.000000,43.760086,-0.001683,-0.043737
60.000000,43.800087,0.015622,-0.044199
60.000000,43.840088,0.016958,-0.054300
60.000000,43.880089,-0.002735,-0.057075
60.000000,43.920090,0.011171,-0.056983
60.000000,43.960091,0.013416,-0.062054
60.000000,44.000092,0.000201,-0.074716
60.000000,44.040092,0.018429,-0.073569
60.000000,44.080093,-0.007651,-0.072440
60.000000,44.120094,0.015692,-0.066507
60.000000,44.160095,0.025669,-0.069392
60.000000,44.200096,0.034612,-0.068428
60.000000,44.240097,0.023501,-0.075216
60.000000,44.280098,0.036135,-0.078183
60.000000,44.320099,0.026837,-0.065808
60.000000,44.360100,0.038149,-0.069113
60.000000,44.400101,0.037535,-0.074975
60.000000,44.440102,0.013002,-0.070259
60.000000,44.480103,0.041608,-0.066019
60.000000,44.520103,0.016323,-0.077172
60.000000,44.560104,0.013737,-0.086014
60.000000,44.600105,0.007708,-0.083231
60.000000,44.640106,-0.006029,-0.076216
60.000000,44.680107,0.002756,-0.078405
60.000000,44.720108,-0.002483,-0.078079
60.000000,44.760109,-0.003320,-0.069885
60.000000,44.800110,0.005299,-0.083974
60.000000,44.840111,0.005473,-0.070588
60.000000,44.880112,0.008893,-0.067112
60.000000,44.920113,0.003440,-0.078114
60.000000,44.960114,0.001115,-0.077313
60.000000,45.000114,0.010939,-0.078584
60.000000,45.040115,0.013241,-0.083281
60.000000,45.080116,0.017324,-0.087187
60.000000,45.120117,0.022420,-0.085855
60.000000,45.160118,0.004011,-0.090756
60.000000,45.200119,0.014310,-0.092219
60.000000,45.240120,0.022059,-0.094519
60.000000,45.280121,0.022829,-0.093925
60.000000,45.320122,0.018781,-0.095702
60.000000,45.360123,0.025110,-0.087268
60.000000,45.400124,0.012379,-0.089409
60.000000,45.440125,0.031177,-0.099088
60.000000,45.480125,0.011297,-0.091783
60.000000,45.520126,0.026718,-0.098954
60.000000,45.560127,0.015055,-0.108528
60.000000,45.600128,0.016845,-0.096101
60.000000,45.640129,0.007840,-0.103635
60.000000,45.680130,0.006010,-0.105676
60.000000,45.720131,-0.005554,-0.109040
60.000000,45.760132,-0.000683,-0.097632
60.000000,45.800133,-0.005503,-0.107426
60.000000,45.840134,0.000035,-0.110329
60.000000,45.880135,-0.003345,-0.107610
60.000000,45.920135,-0.011510,-0.111391
60.000000,45.960136,-0.014912,-0.121021
60.000000,46.000137,-0.009258,-0.115019
60.000000,46.040138,-0.037222,-0.112387
60.000000,46.080139,-0.011879,-0.121355
60.000000,46.120140,-0.015875,-0.119426
60.000000,46.160141,-0.012096,-0.127760
60.000000,46.200142,-0.013813,-0.119921
60.000000,46.240143,-0.023309,-0.128993
60.000000,46.280144,-0.014758,-0.116097
60.000000,46.320145,-0.032714,-0.121646
60.000000,46.360146,-0.039084,-0.118564
60.000000,46.400146,-0.019610,-0.119786
60.000000,46.440147,-0.025436,-0.133164
60.000000,46.480148,-0.014844,-0.138099
60.000000,46.520149,-0.009389,-0.142056
60.000000,46.560150,-0.024826,-0.146250
60.000000,46.600151,-0.016292,-0.137489
60.000000,46.640152,-0.017581,-0.142625
60.000000,46.680153,-0.000057,-0.149342
60.000000,46.720154,-0.011175,-0.151320
60.000000,46.760155,-0.022661,-0.154941
60.000000,46.800156,-0.013850,-0.144826
60.000000,46.840157,-0.024781,-0.153252
60.000000,46.880157,-0.016619,-0.161028
60.000000,46.920158,-0.005564,-0.154123
60.000000,46.960159,-0.012217,-0.155493
60.000000,47.000160,-0.004431,-0.162111
60.000000,47.040161,-0.015531,-0.154710
60.000000,47.080162,-0.015442,-0.157067
60.000000,47.120163,-0.019372,-0.160941
60.000000,47.160164,-0.018855,-0.174642
60.000000,47.200165,-0.026793,-0.166124
60.000000,47.240166,-0.020207,-0.173509
60.000000,47.280167,-0.020385,-0.184456
60.000000,47.320168,-0.027742,-0.170760
60.000000,47.360168,-0.019833,-0.170453
60.000000,47.400169,-0.024231,-0.175808
60.000000,47.440170,-0.011017,-0.179416
60.000000,47.480171,-0.003633,-0.179717
60.000000,47.520172,-0.006360,-0.176057
60.000000,47.560173,-0.013507,-0.183482
60.000000,47.600174,-0.015394,-0.182680
60.000000,47.640175,-0.025881,-0.183362
60.000000,47.680176,-0.040323,-0.184409
60.000000,47.720177,-0.032154,-0.188139
60.000000,47.760178,-0.015377,-0.193515
60.000000,47.800179,-0.031637,-0.189678
60.000000,47.840179,-0.039125,-0.203466
60.000000,47.880180,-0.020911,-0.196674
60.000000,47.920181,-0.030882,-0.184640
60.000000,47.960182,-0.035187,-0.197558
60.000000,48.000183,-0.036777,-0.202376
60.000000,48.040184,-0.040782,-0.189350
60.000000,48.080185,-0.038181,-0.199207
60.000000,48.120186,-0.043946,-0.197163
60.000000,48.160187,-0.044983,-0.193210
60.000000,48.200188,-0.042377,-0.205644
60.000000,48.240189,-0.049988,-0.198816
60.000000,48.280190,-0.025357,-0.194476
60.000000,48.320190,-0.031907,-0.198940
60.000000,48.360191,-0.037691,-0.206399
60.000000,48.400192,-0.037548,-0.205127
60.000000,48.440193,-0.031374,-0.207975
60.000000,48.480194,-0.046749,-0.210141
60.000000,48.520195,-0.066565,-0.208560
60.000000,48.560196,-0.066534,-0.215325
60.000000,48.600197,-0.089651,-0.212562
60.000000,48.640198,-0.076088,-0.213640
60.000000,48.680199,-0.071450,-0.209210
60.000000,48.720200,-0.064449,-0.223453
60.000000,48.760201,-0.071889,-0.223892
60.000000,48.800201,-0.059612,-0.209472
60.000000,48.840202,-0.067398,-0.222127
60.000000,48.880203,-0.070023,-0.224137
60.000000,48.920204,-0.062741,-0.222438
60.000000,48.960205,-0.080895,-0.229586
60.000000,49.000206,-0.073694,-0.224572
60.000000,49.040207,-0.075534,-0.231297
60.000000,49.080208,-0.050792,-0.224038
60.000000,49.120209,-0.083719,-0.236300
60.000000,49.160210,-0.078274,-0.236750
60.000000,49.200211,-0.071442,-0.233970
60.000000,49.240211,-0.068783,-0.241174
60.000000,49.280212,-0.060037,-0.238705
60.000000,49.320213,-0.063855,-0.236926
60.000000,49.360214,-0.070370,-0.227368
60.000000,49.400215,-0.075477,-0.234199
60.000000,49.440216,-0.054171,-0.243889
60.000000,49.480217,-0.055167,-0.238209
60.000000,49.520218,-0.059269,-0.243626
60.000000,49.560219,-0.057386,-0.243658
60.000000,49.600220,-0.063604,-0.248577
60.000000,49.640221,-0.049235,-0.250139
60.000000,49.680222,-0.038217,-0.247079
60.000000,49.720222,-0.034699,-0.250024
60.000000,49.760223,-0.027660,-0.242272
60.000000,49.800224,-0.053365,-0.247339
60.000000,49.840225,-0.043221,-0.257956
60.000000,49.880226,-0.027934,-0.251606
60.000000,49.920227,-0.034357,-0.260779
60.000000,49.960228,-0.034791,-0.261308
60.000000,50.000229,-0.031204,-0.256818
60.000000,50.040230,-0.038839,-0.258545
60.000000,50.080231,-0.033194,-0.259172
60.000000,50.120232,-0.046902,-0.263408
60.000000,50.160233,-0.048986,-0.268286
60.000000,50.200233,-0.047378,-0.263921
60.000000,50.240234,-0.047554,-0.274890
60.000000,50.280235,-0.046564,-0.277007
60.000000,50.320236,-0.040715,-0.255872
60.000000,50.360237,-0.055720,-0.274657
60.000000,50.400238,-0.052169,-0.269741
60.000000,50.440239,-0.055912,-0.272862
60.000000,50.480240,-0.062433,-0.272307
60.000000,50.520241,-0.053200,-0.269057
60.000000,50.560242,-0.057801,-0.273558
60.000000,50.600243,-0.049466,-0.275518
60.000000,50.640244,-0.049164,-0.274798
60.000000,50.680244,-0.056903,-0.272168
60.000000,50.720245,-0.033852,-0.273510
60.000000,50.760246,-0.043729,-0.280147
60.000000,50.800247,-0.058917,-0.283451
60.000000,50.840248,-0.066366,-0.283573
60.000000,50.880249,-0.067596,-0.291689
60.000000,50.920250,-0.057330,-0.293944
60.000000,50.960251,-0.067032,-0.293944
60.000000,51.000252,-0.067835,-0.293400
60.000000,51.040253,-0.069626,-0.301838
60.000000,51.080254,-0.089692,-0.310405
60.000000,51.120255,-0.052523,-0.301572
60.000000,51.160255,-0.079594,-0.305838
60.000000,51.200256,-0.097212,-0.312056
60.000000,51.240257,-0.088362,-0.307111
60.000000,51.280258,-0.064461,-0.308650
60.000000,51.320259,-0.059828,-0.309959
60.000000,51.360260,-0.071625,-0.300598
60.000000,51.400261,-0.073845,-0.316265
60.000000,51.440262,-0.054336,-0.312753
60.000000,51.480263,-0.074382,-0.312575
60.000000,51.520264,-0.061886,-0.312831
60.000000,51.560265,-0.050140,-0.313258
60.000000,51.600266,-0.049343,-0.324478
60.000000,51.640266,-0.063313,-0.319663
60.000000,51.680267,-0.052591,-0.327885
60.000000,51.720268,-0.059350,-0.328275
60.000000,51.760269,-0.060346,-0.332150
60.000000,51.800270,-0.071253,-0.336970
60.000000,51.840271,-0.054961,-0.328520
60.000000,51.880272,-0.074219,-0.333941
60.000000,51.920273,-0.062734,-0.337158
60.000000,51.960274,-0.054965,-0.336928
60.000000,52.000275,-0.065591,-0.362997
60.000000,52.040276,-0.033998,-0.361837
60.000000,52.080276,-0.047134,-0.340773
60.000000,52.120277,-0.037537,-0.341877
60.000000,52.160278,-0.031959,-0.339354
60.000000,52.200279,-0.045621,-0.348723
60.000000,52.240280,-0.017324,-0.349324
60.000000,52.280281,-0.022452,-0.346968
60.000000,52.320282,-0.009635,-0.357308
60.000000,52.360283,-0.032291,-0.357704
60.000000,52.400284,-0.019174,-0.361544
60.000000,52.440285,-0.027903,-0.367667
60.000000,52.480286,-0.023952,-0.362961
60.000000,52.520287,-0.016603,-0.365823
60.000000,52.560287,-0.051870,-0.368275
60.000000,52.600288,-0.024747,-0.369970
60.000000,52.640289,-0.028984,-0.370975
60.000000,52.680290,-0.028472,-0.379326
60.000000,52.720291,-0.019229,-0.379437
60.000000,52.760292,-0.048978,-0.384487
60.000000,52.800293,-0.036810,-0.383840
60.000000,52.840294,-0.018475,-0.385239
60.000000,52.880295,-0.020447,-0.389169
60.000000,52.920296,-0.029723,-0.385203
60.000000,52.960297,-0.026646,-0.385889
60.000000,53.000298,-0.040253,-0.382603
60.000000,53.040298,-0.024837,-0.386697
60.000000,53.080299,-0.032222,-0.381788
60.000000,53.120300,-0.035113,-0.387263
60.000000,53.160301,-0.026327,-0.386383
60.000000,53.200302,-0.015485,-0.391949
60.000000,53.240303,-0.031215,-0.397795
60.000000,53.280304,-0.016064,-0.400889
60.000000,53.320305,-0.040195,-0.391167
60.000000,53.360306,-0.029231,-0.401124
60.000000,53.400307,-0.020654,-0.414260
60.000000,53.440308,-0.040739,-0.408612
60.000000,53.480309,-0.034324,-0.411145
60.000000,53.520309,-0.023031,-0.413612
60.000000,53.560310,-0.020547,-0.414409
60.000000,53.600311,0.000361,-0.422351
60.000000,53.640312,-0.003127,-0.417095
60.000000,53.680313,0.002308,-0.426751
60.000000,53.720314,-0.005777,-0.428687
60.000000,53.760315,-0.001137,-0.428414
60.000000,53.800316,-0.014100,-0.411833
60.000000,53.840317,-0.014985,-0.429703
60.000000,53.880318,-0.000138,-0.431099
60.000000,53.920319,-0.025794,-0.421156
60.000000,53.960320,-0.020790,-0.422126
60.000000,54.000320,-0.012465,-0.420290
60.000000,54.040321,-0.021562,-0.429317
60.000000,54.080322,-0.004423,-0.433339
60.000000,54.120323,-0.019086,-0.432454
60.000000,54.160324,-0.017910,-0.435891
60.000000,54.200325,-0.011536,-0.458639
60.000000,54.240326,0.000608,-0.447913
60.000000,54.280327,-0.005694,-0.460283
60.000000,54.320328,-0.036987,-0.462773
60.000000,54.360329,-0.039621,-0.462432
60.000000,54.400330,-0.024548,-0.454846
60.000000,54.440331,-0.031958,-0.459142
60.000000,54.480331,-0.038066,-0.453058
60.000000,54.520332,-0.023518,-0.468601
60.000000,54.560333,-0.010630,-0.461851
60.000000,54.600334,-0.000791,-0.461442
60.000000,54.640335,-0.002563,-0.463747
60.000000,54.680336,0.007374,-0.467881
60.000000,54.720337,-0.005063,-0.464376
60.000000,54.760338,-0.009303,-0.468316
60.000000,54.800339,-0.011333,-0.457974
60.000000,54.840340,-0.006772,-0.468699
60.000000,54.880341,-0.009889,-0.474594
60.000000,54.920341,-0.017344,-0.483144
60.000000,54.960342,0.011687,-0.484449
60.000000,55.000343,-0.020431,-0.489607
60.000000,55.040344,0.005191,-0.502105
60.000000,55.080345,0.021736,-0.495943
60.000000,55.120346,0.004922,-0.496025
60.000000,55.160347,0.010844,-0.499201
60.000000,55.200348,-0.021286,-0.517359
60.000000,55.240349,0.020652,-0.497857
60.000000,55.280350,0.018028,-0.525615
60.000000,55.320351,0.020263,-0.539607
60.000000,55.360352,0.005892,-0.555109
60.000000,55.400352,0.031716,-0.537862
60.000000,55.440353,0.025967,-0.521985
60.000000,55.480354,0.016844,-0.568050
60.000000,55.520355,0.032875,-0.552175
60.000000,55.560356,0.035307,-0.491328
60.000000,55.600357,-0.008503,-0.597826
60.000000,55.640358,0.024605,-0.568447
60.000000,55.680359,-0.004641,-0.594515
60.000000,55.720360,0.001820,-0.651408
60.000000,55.760361,-0.008464,-0.662082
60.000000,55.800362,0.003204,-0.697872
60.000000,55.840363,-0.010060,-0.695674
60.000000,55.880363,-0.004842,-0.700076
60.000000,55.920364,-0.014171,-0.705694
60.000000,55.960365,-0.000376,-0.699285
60.000000,56.000366,-0.006647,-0.713736
60.000000,56.040367,-0.011970,-0.663039
60.000000,56.080368,-0.017343,-0.737240
60.000000,56.120369,-0.023915,-0.767373
60.000000,56.160370,-0.035416,-0.818565
60.000000,56.200371,-0.023864,-0.811464
60.000000,56.240372,-0.029991,-0.860065
60.000000,56.280373,-0.049824,-0.815838
60.000000,56.320374,-0.035143,-0.863996
60.000000,56.360374,-0.036137,-0.917933
60.000000,56.400375,-0.055626,-0.935562
60.000000,56.440376,-0.069993,-0.976673
60.000000,56.480377,-0.073568,-1.026847
60.000000,56.520378,-0.062058,-1.036013
60.000000,56.560379,-0.063580,-0.997971
60.000000,56.600380,-0.055004,-1.047595
60.000000,56.640381,-0.051548,-0.999880
60.000000,56.680382,-0.065168,-1.008524
60.000000,56.720383,-0.078697,-1.054903
60.000000,56.760384,-0.073593,-1.006949
60.000000,56.800385,-0.080340,-1.049403
60.000000,56.840385,-0.077786,-1.049801
60.000000,56.880386,-0.079274,-1.049803
60.000000,56.920387,-0.097558,-1.081600
60.000000,56.960388,-0.079253,-1.159618
60.000000,57.000389,-0.084492,-1.096038
60.000000,57.040390,-0.102975,-1.126568
60.000000,57.080391,-0.083023,-1.129707
60.000000,57.120392,-0.119294,-1.114511
60.000000,57.160393,-0.100518,-1.160147
60.000000,57.200394,-0.081129,-1.149142
60.000000,57.240395,-0.090169,-1.184532
60.000000,57.280396,-0.072198,-1.156679
60.000000,57.320396,-0.069300,-1.168250
60.000000,57.360397,-0.090527,-1.252266
60.000000,57.400398,-0.087794,-1.209009
60.000000,57.440399,-0.105233,-1.301607
60.000000,57.480400,-0.099003,-1.282219
60.000000,57.520401,-0.115645,-1.363256
60.000000,57.560402,-0.102752,-1.342403
60.000000,57.600403,-0.109268,-1.346734
60.000000,57.640404,-0.101220,-1.339891
60.000000,57.680405,-0.103464,-1.324342
60.000000,57.720406,-0.108730,-1.399272
60.000000,57.760406,-0.121486,-1.409353
60.000000,57.800407,-0.107159,-1.417809
60.000000,57.840408,-0.104506,-1.381964
60.000000,57.880409,-0.099907,-1.497029
60.000000,57.920410,-0.126968,-1.499988
60.000000,57.960411,-0.119688,-1.488847
60.000000,58.000412,-0.104009,-1.435273
60.000000,58.040413,-0.102008,-1.459487
60.000000,58.080414,-0.090427,-1.448471
60.000000,58.120415,-0.092607,-1.506628
60.000000,58.160416,-0.074001,-1.535746
60.000000,58.200417,-0.100711,-1.561432
60.000000,58.240417,-0.066433,-1.545723
60.000000,58.280418,-0.094941,-1.588909
60.000000,58.320419,-0.089225,-1.594489
60.000000,58.360420,-0.086746,-1.605275
60.000000,58.400421,-0.060108,-1.562568
60.000000,58.440422,-0.077838,-1.589621
60.000000,58.480423,-0.068374,-1.511961
60.000000,58.520424,-0.100332,-1.625312
60.000000,58.560425,-0.093249,-1.610892
60.000000,58.600426,-0.089915,-1.624833
60.000000,58.640427,-0.083389,-1.644568
60.000000,58.680428,-0.105284,-1.679428
60.000000,58.720428,-0.090230,-1.660093
60.000000,58.760429,-0.119021,-1.680371
60.000000,58.800430,-0.091891,-1.679762
60.000000,58.840431,-0.089440,-1.633918
60.000000,58.880432,-0.096582,-1.714399
60.000000,58.920433,-0.098133,-1.738549
60.000000,58.960434,-0.101622,-1.689445
60.000000,59.000435,-0.093816,-1.786968
60.000000,59.040436,-0.071825,-1.719371
60.000000,59.080437,-0.105515,-1.781020
60.000000,59.120438,-0.116537,-1.806604
60.000000,59.160439,-0.105038,-1.825401
60.000000,59.200439,-0.112457,-1.819422
60.000000,59.240440,-0.101719,-1.777866
60.000000,59.280441,-0.096758,-1.828732
60.000000,59.320442,-0.099556,-1.830404
60.000000,59.360443,-0.119341,-1.891563
60.000000,59.400444,-0.114781,-1.845512
60.000000,59.440445,-0.124000,-1.906728
60.000000,59.480446,-0.113722,-1.905219
60.000000,59.520447,-0.092828,-1.928275
60.000000,59.560448,-0.091374,-1.900053
60.000000,59.600449,-0.082697,-1.882579
60.000000,59.640450,-0.106975,-1.961185
60.000000,59.680450,-0.111884,-1.998499
60.000000,59.720451,-0.131577,-2.065242
60.000000,59.760452,-0.087316,-1.975203
60.000000,59.800453,-0.108376,-1.959625
60.000000,59.840454,-0.101492,-1.978335
60.000000,59.880455,-0.131981,-2.037784
60.000000,59.920456,-0.120919,-2.000074
60.000000,59.960457,-0.125647,-2.027388
60.000000,60.000458,-0.131683,-2.039566
60.000000,60.040459,-0.124800,-2.052761
60.000000,60.080460,-0.142886,-2.036457
60.000000,60.120461,-0.153788,-2.056390
60.000000,60.160461,-0.120750,-2.047192
60.000000,60.200462,-0.135618,-2.048546
60.000000,60.240463,-0.128589,-2.088351
60.000000,60.280464,-0.127979,-2.101134
60.000000,60.320465,-0.148591,-2.124461
60.000000,60.360466,-0.125647,-2.133052
60.000000,60.400467,-0.116422,-2.132541
60.000000,60.440468,-0.122621,-2.110737
60.000000,60.480469,-0.136816,-2.141646
60.000000,60.520470,-0.153668,-2.179855
60.000000,60.560471,-0.169788,-2.191968
60.000000,60.600471,-0.144007,-2.217192
60.000000,60.640472,-0.136959,-2.166494
60.000000,60.680473,-0.163881,-2.217757
60.000000,60.720474,-0.152978,-2.261301
60.000000,60.760475,-0.154421,-2.281038
60.000000,60.800476,-0.177589,-2.299066
60.000000,60.840477,-0.154795,-2.291671
60.000000,60.880478,-0.180881,-2.360252
60.000000,60.920479,-0.141706,-2.311968
60.000000,60.960480,-0.153415,-2.336295
60.000000,61.000481,-0.155587,-2.342292
60.000000,61.040482,-0.154710,-2.394754
60.000000,61.080482,-0.190933,-2.407825
60.000000,61.120483,-0.199664,-2.505165
60.000000,61.160484,-0.173553,-2.444468
60.000000,61.200485,-0.180723,-2.410443
60.000000,61.240486,-0.179541,-2.501183
60.000000,61.280487,-0.168828,-2.416752
60.000000,61.320488,-0.208205,-2.494711
60.000000,61.360489,-0.181774,-2.438498
60.000000,61.400490,-0.174397,-2.422730
60.000000,61.440491,-0.160035,-2.468704
60.000000,61.480492,-0.196498,-2.528194
60.000000,61.520493,-0.179540,-2.549871
60.000000,61.560493,-0.153455,-2.517899
60.000000,61.600494,-0.151047,-2.458421
60.000000,61.640495,-0.156712,-2.521977
60.000000,61.680496,-0.173914,-2.596646
60.000000,61.720497,-0.189683,-2.600975
60.000000,61.760498,-0.171967,-2.635541
60.000000,61.800499,-0.194342,-2.667670
60.000000,61.840500,-0.204753,-2.666349
60.000000,61.880501,-0.186955,-2.667528
60.000000,61.920502,-0.192020,-2.660069
60.000000,61.960503,-0.209877,-2.667914
60.000000,62.000504,-0.187154,-2.632070
60.000000,62.040504,-0.184699,-2.641569
60.000000,62.080505,-0.183629,-2.750279
60.000000,62.120506,-0.206748,-2.746145
60.000000,62.160507,-0.187215,-2.761174
60.000000,62.200508,-0.191206,-2.789907
60.000000,62.240509,-0.196026,-2.724661
60.000000,62.280510,-0.178641,-2.693060
60.000000,62.320511,-0.195280,-2.723820
60.000000,62.360512,-0.185673,-2.685039
60.000000,62.400513,-0.202752,-2.709420
60.000000,62.440514,-0.188774,-2.786126
60.000000,62.480515,-0.222125,-2.830852
60.000000,62.520515,-0.235149,-2.860609
60.000000,62.560516,-0.241357,-2.865087
60.000000,62.600517,-0.207928,-2.863495
60.000000,62.640518,-0.247617,-2.882889
60.000000,62.680519,-0.259707,-2.946280
60.000000,62.720520,-0.242578,-2.919653
60.000000,62.760521,-0.264932,-2.968200
60.000000,62.800522,-0.251683,-3.011032
60.000000,62.840523,-0.240491,-2.960786
60.000000,62.880524,-0.268443,-3.040056
60.000000,62.920525,-0.287174,-3.065096
60.000000,62.960526,-0.269827,-3.028413
60.000000,63.000526,-0.275561,-3.058667
60.000000,63.040527,-0.296419,-3.077048
60.000000,63.080528,-0.248385,-3.049554
60.000000,63.120529,-0.249278,-3.033120
60.000000,63.160530,-0.266445,-3.093775
60.000000,63.200531,-0.258044,-3.093760
60.000000,63.240532,-0.210296,-3.038166
60.000000,63.280533,-0.269943,-3.091760
60.000000,63.320534,-0.252661,-3.077844
60.000000,63.360535,-0.272394,-3.147433
60.000000,63.400536,-0.223177,-3.136025
60.000000,63.440536,-0.264016,-3.108902
60.000000,63.480537,-0.252008,-3.116548
60.000000,63.520538,-0.257858,-3.143887
60.000000,63.560539,-0.244743,-3.121250
60.000000,63.600540,-0.266821,-3.188763
60.000000,63.640541,-0.258428,-3.203330
60.000000,63.680542,-0.274889,-3.190511
60.000000,63.720543,-0.238796,-3.222855
60.000000,63.760544,-0.286551,-3.273131
60.000000,63.800545,-0.294021,-3.306910
60.000000,63.840546,-0.294857,-3.281584
60.000000,63.880547,-0.273889,-3.308510
60.000000,63.920547,-0.300966,-3.317484
60.000000,63.960548,-0.273003,-3.319784
60.000000,64.000549,-0.293870,-3.367280
60.000000,64.040550,-0.297658,-3.419778
60.000000,64.080551,-0.261421,-3.328051
60.000000,64.120552,-0.290185,-3.383215
60.000000,64.160553,-0.276577,-3.388072
60.000000,64.200554,-0.318914,-3.398192
60.000000,64.240555,-0.265781,-3.394719
60.000000,64.280556,-0.303350,-3.483106
60.000000,64.320557,-0.306941,-3.506135
60.000000,64.360558,-0.360927,-3.575807
60.000000,64.400558,-0.330497,-3.489815
60.000000,64.440559,-0.324946,-3.611210
60.000000,64.480560,-0.338575,-3.556037
60.000000,64.520561,-0.351283,-3.528328
60.000000,64.560562,-0.338460,-3.632407
60.000000,64.600563,-0.318667,-3.587398
60.000000,64.640564,-0.292379,-3.520549
60.000000,64.680565,-0.307044,-3.564233
60.000000,64.720566,-0.320854,-3.551147
60.000000,64.760567,-0.324828,-3.581267
60.000000,64.800568,-0.319397,-3.616602
60.000000,64.840569,-0.327329,-3.657302
60.000000,64.880569,-0.298867,-3.671121
60.000000,64.920570,-0.330905,-3.677611
60.000000,64.960571,-0.323030,-3.689423
60.000000,65.000572,-0.318593,-3.691903
60.000000,65.040573,-0.313954,-3.747390
60.000000,65.080574,-0.340290,-3.737562
60.000000,65.120575,-0.330479,-3.731218
60.000000,65.160576,-0.319972,-3.797482
60.000000,65.200577,-0.345180,-3.856945
60.000000,65.240578,-0.312382,-3.805646
60.000000,65.280579,-0.337600,-3.830731
60.000000,65.320580,-0.330098,-3.809046
60.000000,65.360580,-0.366785,-3.789976
60.000000,65.400581,-0.377154,-3.793265
60.000000,65.440582,-0.363920,-3.837136
60.000000,65.480583,-0.337000,-3.780227
60.000000,65.520584,-0.343876,-3.805722
60.000000,65.560585,-0.365292,-3.844321
60.000000,65.600586,-0.364359,-3.876698
60.000000,65.640587,-0.377467,-3.873385
60.000000,65.680588,-0.416583,-3.919918
60.000000,65.720589,-0.345887,-3.889425
60.000000,65.760590,-0.360983,-3.903924
60.000000,65.800591,-0.341011,-3.938011
60.000000,65.840591,-0.378673,-3.983525
60.000000,65.880592,-0.367339,-4.007500
60.000000,65.920593,-0.345486,-3.982905
60.000000,65.960594,-0.345240,-4.005565
60.000000,66.000595,-0.354577,-4.018302
60.000000,66.040596,-0.358674,-4.089927
60.000000,66.080597,-0.354362,-4.045030
60.000000,66.120598,-0.327201,-4.042476
60.000000,66.160599,-0.388287,-4.119678
60.000000,66.200600,-0.393869,-4.104409
60.000000,66.240601,-0.387432,-4.109305
60.000000,66.280602,-0.392424,-4.168844
60.000000,66.320602,-0.352824,-4.107037
60.000000,66.360603,-0.346145,-4.140949
60.000000,66.400604,-0.332596,-4.120045
60.000000,66.440605,-0.372873,-4.197104
60.000000,66.480606,-0.370048,-4.183418
60.000000,66.520607,-0.368847,-4.216829
60.000000,66.560608,-0.403673,-4.249645
60.000000,66.600609,-0.405853,-4.289947
60.000000,66.640610,-0.417053,-4.312118
60.000000,66.680611,-0.377833,-4.263696
60.000000,66.720612,-0.448442,-4.379862
60.000000,66.760612,-0.407744,-4.282734
60.000000,66.800613,-0.391936,-4.337935
60.000000,66.840614,-0.402859,-4.343798
60.000000,66.880615,-0.386661,-4.341916
60.000000,66.920616,-0.372172,-4.306034
60.000000,66.960617,-0.405621,-4.330101
60.000000,67.000618,-0.413462,-4.326820
60.000000,67.040619,-0.369787,-4.276294
60.000000,67.080620,-0.399558,-4.327725
60.000000,67.120621,-0.380087,-4.294978
60.000000,67.160622,-0.401881,-4.430858
60.000000,67.200623,-0.417154,-4.438009
60.000000,67.240623,-0.398579,-4.398713
60.000000,67.280624,-0.401164,-4.434194
60.000000,67.320625,-0.403146,-4.487386
60.000000,67.360626,-0.414722,-4.459011
60.000000,67.400627,-0.415970,-4.492458
60.000000,67.440628,-0.402220,-4.471754
60.000000,67.480629,-0.405956,-4.510138
60.000000,67.520630,-0.399637,-4.509159
60.000000,67.560631,-0.392751,-4.519579
60.000000,67.600632,-0.383469,-4.569361
60.000000,67.640633,-0.369084,-4.489524
60.000000,67.680634,-0.416088,-4.607629
60.000000,67.720634,-0.393473,-4.586238
60.000000,67.760635,-0.418154,-4.656565
60.000000,67.800636,-0.438651,-4.668764
60.000000,67.840637,-0.417899,-4.673194
60.000000,67.880638,-0.428631,-4.683846
60.000000,67.920639,-0.429507,-4.709343
60.000000,67.960640,-0.436377,-4.765007
60.000000,68.000641,-0.399609,-4.705570
60.000000,68.040642,-0.433292,-4.729936
60.000000,68.080643,-0.419809,-4.689582
60.000000,68.120644,-0.420117,-4.732407
60.000000,68.160645,-0.407333,-4.748117
60.000000,68.200645,-0.493462,-4.801059
60.000000,68.240646,-0.512616,-4.798372
60.000000,68.280647,-0.480785,-4.791489
60.000000,68.320648,-0.537808,-4.839348
60.000000,68.360649,-0.434762,-4.806584
60.000000,68.400650,-0.509420,-4.840182
60.000000,68.440651,-0.482715,-4.858588
60.000000,68.480652,-0.458499,-4.888045
60.000000,68.520653,-0.444090,-4.866248
60.000000,68.560654,-0.492113,-4.944633
60.000000,68.600655,-0.470270,-4.877510
60.000000,68.640656,-0.447505,-4.808658
60.000000,68.680656,-0.513392,-4.927474
60.000000,68.720657,-0.443766,-4.902237
60.000000,68.760658,-0.417630,-4.864450
60.000000,68.800659,-0.474217,-4.959747
60.000000,68.840660,-0.477360,-4.962225
60.000000,68.880661,-0.484511,-4.967079
60.000000,68.920662,-0.486709,-5.002816
60.000000,68.960663,-0.484150,-4.974799
60.000000,69.000664,-0.476842,-5.004312
60.000000,69.040665,-0.457703,-4.988629
60.000000,69.080666,-0.490645,-5.039553
60.000000,69.120667,-0.549607,-5.093089
60.000000,69.160667,-0.495349,-5.045411
60.000000,69.200668,-0.542876,-5.072700
60.000000,69.240669,-0.499274,-5.060850
60.000000,69.280670,-0.474634,-5.114265
60.000000,69.320671,-0.500557,-5.126022
60.000000,69.360672,-0.477658,-5.171683
60.000000,69.400673,-0.494652,-5.148484
60.000000,69.440674,-0.474874,-5.167284
60.000000,69.480675,-0.443505,-5.115592
60.000000,69.520676,-0.480396,-5.209933
60.000000,69.560677,-0.447160,-5.218012
60.000000,69.600677,-0.446904,-5.160385
60.000000,69.640678,-0.492471,-5.244580
60.000000,69.680679,-0.480364,-5.274643
60.000000,69.720680,-0.482597,-5.279022
60.000000,69.760681,-0.528341,-5.374545
60.000000,69.800682,-0.619653,-5.448403
60.000000,69.840683,-0.498522,-5.396595
60.000000,69.880684,-0.492817,-5.373367
60.000000,69.920685,-0.591664,-5.461689
60.000000,69.960686,-0.497567,-5.404143
60.000000,70.000687,-0.486838,-5.372910
60.000000,70.040688,-0.567489,-5.452458
60.000000,70.080688,-0.599909,-5.541450
60.000000,70.120689,-0.498591,-5.391332
60.000000,70.160690,-0.517917,-5.410939
60.000000,70.200691,-0.642472,-5.514272
60.000000,70.240692,-0.659444,-5.504045
60.000000,70.280693,-0.665668,-5.534543
60.000000,70.320694,-0.472767,-5.403548
60.000000,70.360695,-0.559705,-5.525140
60.000000,70.400696,-0.572671,-5.552263
60.000000,70.440697,-0.604530,-5.627909
60.000000,70.480698,-0.631951,-5.583247
60.000000,70.520699,-0.543900,-5.559293
60.000000,70.560699,-0.578639,-5.547257
60.000000,70.600700,-0.495197,-5.525885
60.000000,70.640701,-0.633899,-5.667044
60.000000,70.680702,-0.580567,-5.669660
60.000000,70.720703,-0.535474,-5.618808
60.000000,70.760704,-0.516052,-5.564001
60.000000,70.800705,-0.579775,-5.657275
60.000000,70.840706,-0.591654,-5.676246
60.000000,70.880707,-0.642741,-5.716495
60.000000,70.920708,-0.644930,-5.708288
60.000000,70.960709,-0.624733,-5.734743
60.000000,71.000710,-0.600000,-5.747055
60.000000,71.040710,-0.669128,-5.787528
60.000000,71.080711,-0.673271,-5.737547
60.000000,71.120712,-0.629337,-5.705533
60.000000,71.160713,-0.648900,-5.784008
60.000000,71.200714,-0.625888,-5.725311
60.000000,71.240715,-0.690594,-5.787003
60.000000,71.280716,-0.683875,-5.880181
60.000000,71.320717,-0.623635,-5.795209
60.000000,71.360718,-0.693252,-5.892997
60.000000,71.400719,-0.627403,-5.850199
60.000000,71.440720,-0.659353,-5.833493
60.000000,71.480721,-0.710434,-5.889321
60.000000,71.520721,-0.592885,-5.873455
60.000000,71.560722,-0.638131,-5.880811
60.000000,71.600723,-0.658336,-5.932034
60.000000,71.640724,-0.695762,-5.929258
60.000000,71.680725,-0.671207,-5.967175
60.000000,71.720726,-0.637399,-5.931485
60.000000,71.760727,-0.685911,-5.986549
60.000000,71.800728,-0.653046,-5.993537
60.000000,71.840729,-0.668238,-5.996964
60.000000,71.880730,-0.625584,-6.010038
60.000000,71.920731,-0.557864,-6.002919
60.000000,71.960732,-0.622659,-5.988578
60.000000,72.000732,-0.632746,-6.034956
60.000000,72.040733,-0.670645,-6.061980
60.000000,72.080734,-0.614418,-6.047367
60.000000,72.120735,-0.599951,-6.069170
60.000000,72.160736,-0.646313,-6.081287
60.000000,72.200737,-0.590895,-6.068645
60.000000,72.240738,-0.597088,-6.038847
60.000000,72.280739,-0.611695,-6.117502
60.000000,72.320740,-0.593622,-6.096949
60.000000,72.360741,-0.541818,-6.036501
60.000000,72.400742,-0.603478,-6.095104
60.000000,72.440742,-0.631450,-6.115843
60.000000,72.480743,-0.662877,-6.162378
60.000000,72.520744,-0.621585,-6.151300
60.000000,72.560745,-0.632274,-6.099542
60.000000,72.600746,-0.703202,-6.246023
60.000000,72.640747,-0.687952,-6.215797
60.000000,72.680748,-0.603195,-6.151973
60.000000,72.720749,-0.699104,-6.242156
60.000000,72.760750,-0.760485,-6.325546
60.000000,72.800751,-0.690887,-6.224088
60.000000,72.840752,-0.676497,-6.304641
60.000000,72.880753,-0.728256,-6.333205
60.000000,72.920753,-0.767555,-6.361925
60.000000,72.960754,-0.754781,-6.333618
60.000000,73.000755,-0.720116,-6.306639
60.000000,73.040756,-0.565213,-6.308961
60.000000,73.080757,-0.734473,-6.368994
60.000000,73.120758,-0.702319,-6.433604
60.000000,73.160759,-0.676455,-6.398461
60.000000,73.200760,-0.770151,-6.444416
60.000000,73.240761,-0.780998,-6.469212
60.000000,73.280762,-0.666685,-6.421932
60.000000,73.320763,-0.709825,-6.506034
60.000000,73.360764,-0.713583,-6.510489
60.000000,73.400764,-0.751585,-6.554827
60.000000,73.440765,-0.768321,-6.554572
60.000000,73.480766,-0.705423,-6.504939
60.000000,73.520767,-0.651414,-6.498421
60.000000,73.560768,-0.731811,-6.573831
60.000000,73.600769,-0.495302,-6.418181
60.000000,73.640770,-0.575362,-6.544822
60.000000,73.680771,-0.638652,-6.540537
60.000000,73.720772,-0.620160,-6.561534
60.000000,73.760773,-0.780028,-6.711189
60.000000,73.800774,-0.749319,-6.656938
60.000000,73.840775,-0.728626,-6.668621
60.000000,73.880775,-0.740952,-6.635062
60.000000,73.920776,-0.642279,-6.655052
60.000000,73.960777,-0.710838,-6.717963
60.000000,74.000778,-0.617567,-6.674373
60.000000,74.040779,-0.690129,-6.717985
60.000000,74.080780,-0.741658,-6.753954
60.000000,74.120781,-0.764274,-6.756975
60.000000,74.160782,-0.803790,-6.859596
60.000000,74.200783,-0.803324,-6.908973
60.000000,74.240784,-0.776607,-6.921446
60.000000,74.280785,-0.687437,-6.865931
60.000000,74.320786,-0.748870,-6.933246
60.000000,74.360786,-0.802026,-6.969627
60.000000,74.400787,-0.698568,-6.863455
60.000000,74.440788,-0.847572,-6.981998
60.000000,74.480789,-0.842050,-6.922333
60.000000,74.520790,-0.829552,-6.999973
60.000000,74.560791,-0.851712,-6.963460
60.000000,74.600792,-0.842098,-7.008180
60.000000,74.640793,-0.867845,-7.035206
60.000000,74.680794,-0.886433,-7.024681
60.000000,74.720795,-0.821567,-7.040218
60.000000,74.760796,-0.905207,-7.135536
60.000000,74.800797,-0.842695,-7.127167
60.000000,74.840797,-0.887592,-7.137453
60.000000,74.880798,-0.847195,-7.071951
60.000000,74.920799,-0.924784,-7.122438
60.000000,74.960800,-0.894624,-7.186172
60.000000,75.000801,-0.896595,-7.143048
60.000000,75.040802,-0.967425,-7.250575
60.000000,75.080803,-0.915361,-7.168012
60.000000,75.120804,-0.977142,-7.150205
60.000000,75.160805,-1.029823,-7.255501
60.000000,75.200806,-0.962802,-7.154280
60.000000,75.240807,-1.025004,-7.216491
60.000000,75.280807,-1.030767,-7.280453
60.000000,75.320808,-1.092230,-7.310329
60.000000,75.360809,-0.995045,-7.243052
60.000000,75.400810,-1.054992,-7.324669
60.000000,75.440811,-0.995563,-7.348391
60.000000,75.480812,-1.030372,-7.356435
60.000000,75.520813,-1.014832,-7.375135
60.000000,75.560814,-1.040111,-7.431100
60.000000,75.600815,-1.013945,-7.352140
60.000000,75.640816,-1.078069,-7.433431
60.000000,75.680817,-0.991613,-7.361694
60.000000,75.720818,-0.986716,-7.381690
60.000000,75.760818,-0.994306,-7.412201
60.000000,75.800819,-1.039150,-7.468288
60.000000,75.840820,-1.023090,-7.417252
60.000000,75.880821,-1.054156,-7.467615
60.000000,75.920822,-1.038477,-7.462554
60.000000,75.960823,-1.018631,-7.497327
60.000000,76.000824,-1.082501,-7.543942
60.000000,76.040825,-1.109296,-7.611155
60.000000,76.080826,-1.055981,-7.570501
60.000000,76.120827,-1.087710,-7.587504
60.000000,76.160828,-1.066283,-7.576760
60.000000,76.200829,-1.076869,-7.611649
60.000000,76.240829,-1.049912,-7.644185
60.000000,76.280830,-1.071126,-7.593581
60.000000,76.320831,-1.038715,-7.574819
60.000000,76.360832,-0.985505,-7.607414
60.000000,76.400833,-0.923285,-7.610064
60.000000,76.440834,-0.986793,-7.606951
60.000000,76.480835,-0.989129,-7.564876
60.000000,76.520836,-0.993516,-7.646409
60.000000,76.560837,-0.972466,-7.608703
60.000000,76.600838,-0.968429,-7.624992
60.000000,76.640839,-0.950582,-7.607858
60.000000,76.680840,-0.955292,-7.578427
60.000000,76.720840,-1.018216,-7.749398
60.000000,76.760841,-1.033143,-7.743304
60.000000,76.800842,-0.984129,-7.735302
60.000000,76.840843,-0.992991,-7.810065
60.000000,76.880844,-0.923671,-7.759141
60.000000,76.920845,-1.016212,-7.842881
60.000000,76.960846,-0.996684,-7.866649
60.000000,77.000847,-0.973257,-7.793273
60.000000,77.040848,-1.001775,-7.807456
60.000000,77.080849,-0.944698,-7.809966
60.000000,77.120850,-1.042588,-7.888541
60.000000,77.160851,-1.045501,-7.884347
60.000000,77.200851,-1.095745,-7.949753
60.000000,77.240852,-1.066256,-7.927192
60.000000,77.280853,-1.050500,-7.953743
60.000000,77.320854,-1.136178,-8.002913
60.000000,77.360855,-1.186005,-8.054426
60.000000,77.400856,-1.127928,-7.999430
60.000000,77.440857,-1.134682,-8.046040
60.000000,77.480858,-1.164354,-8.040183
60.000000,77.520859,-1.183829,-8.068394
60.000000,77.560860,-1.143607,-8.078878
60.000000,77.600861,-1.150560,-8.129151
60.000000,77.640862,-1.151182,-8.088580
60.000000,77.680862,-1.159179,-8.128120
60.000000,77.720863,-1.239283,-8.250986
60.000000,77.760864,-1.167402,-8.223710
60.000000,77.800865,-1.154520,-8.261571
60.000000,77.840866,-1.195003,-8.229302
60.000000,77.880867,-1.176001,-8.252076
60.000000,77.920868,-1.170196,-8.250927
60.000000,77.960869,-1.209066,-8.348722
60.000000,78.000870,-1.198393,-8.299383
60.000000,78.040871,-1.234722,-8.345522
60.000000,78.080872,-1.234463,-8.336577
60.000000,78.120872,-1.258528,-8.367696
60.000000,78.160873,-1.251221,-8.360999
60.000000,78.200874,-1.227041,-8.382941
60.000000,78.240875,-1.246103,-8.350729
60.000000,78.280876,-1.207697,-8.357229
60.000000,78.320877,-1.184652,-8.341185
60.000000,78.360878,-1.229318,-8.402678
60.000000,78.400879,-1.241196,-8.430885
60.000000,78.440880,-1.235130,-8.417473
60.000000,78.480881,-1.222260,-8.459521
60.000000,78.520882,-1.301681,-8.533287
60.000000,78.560883,-1.204128,-8.446600
60.000000,78.600883,-1.208095,-8.433414
60.000000,78.640884,-1.226720,-8.488388
60.000000,78.680885,-1.393187,-8.594692
60.000000,78.720886,-1.348001,-8.620775
60.000000,78.760887,-1.283206,-8.561862
60.000000,78.800888,-1.290008,-8.600955
60.000000,78.840889,-1.381143,-8.690398
60.000000,78.880890,-1.294055,-8.622653
60.000000,78.920891,-1.341431,-8.726140
60.000000,78.960892,-1.389444,-8.750716
60.000000,79.000893,-1.414656,-8.752331
60.000000,79.040894,-1.355929,-8.752991
60.000000,79.080894,-1.331656,-8.747133
60.000000,79.120895,-1.288250,-8.729642
60.000000,79.160896,-1.261568,-8.772786
60.000000,79.200897,-1.284506,-8.703308
60.000000,79.240898,-1.358013,-8.800864
60.000000,79.280899,-1.284374,-8.733642
60.000000,79.320900,-1.342525,-8.784839
60.000000,79.360901,-1.319225,-8.800934
60.000000,79.400902,-1.324480,-8.798666
60.000000,79.440903,-1.368688,-8.871304
60.000000,79.480904,-1.309919,-8.779668
60.000000,79.520905,-1.294696,-8.767446
60.000000,79.560905,-1.331383,-8.853277
60.000000,79.600906,-1.299101,-8.813178
60.000000,79.640907,-1.332328,-8.833990
60.000000,79.680908,-1.292768,-8.852307
60.000000,79.720909,-1.351785,-8.894405
60.000000,79.760910,-1.356577,-8.908858
60.000000,79.800911,-1.316477,-8.895295
60.000000,79.840912,-1.335323,-8.900622
60.000000,79.880913,-1.351936,-8.988499
60.000000,79.920914,-1.372636,-9.029897
60.000000,79.960915,-1.426637,-9.051197
